,_time,id,count,Date,Time
0,2023-09-16 09:00:00+00:00,line_1,,2023-09-16,09:00:00
1,2023-09-16 09:05:00+00:00,line_1,,2023-09-16,09:05:00
2,2023-09-16 09:10:00+00:00,line_1,,2023-09-16,09:10:00
3,2023-09-16 09:15:00+00:00,line_1,,2023-09-16,09:15:00
4,2023-09-16 09:20:00+00:00,line_1,,2023-09-16,09:20:00
5,2023-09-16 09:25:00+00:00,line_1,,2023-09-16,09:25:00
6,2023-09-16 09:30:00+00:00,line_1,,2023-09-16,09:30:00
7,2023-09-16 09:35:00+00:00,line_1,,2023-09-16,09:35:00
8,2023-09-16 09:40:00+00:00,line_1,,2023-09-16,09:40:00
9,2023-09-16 09:45:00+00:00,line_1,,2023-09-16,09:45:00
10,2023-09-16 09:50:00+00:00,line_1,,2023-09-16,09:50:00
11,2023-09-16 09:55:00+00:00,line_1,,2023-09-16,09:55:00
12,2023-09-16 10:00:00+00:00,line_1,,2023-09-16,10:00:00
13,2023-09-16 10:05:00+00:00,line_1,,2023-09-16,10:05:00
14,2023-09-16 10:10:00+00:00,line_1,,2023-09-16,10:10:00
15,2023-09-16 10:15:00+00:00,line_1,,2023-09-16,10:15:00
16,2023-09-16 10:20:00+00:00,line_1,,2023-09-16,10:20:00
17,2023-09-16 10:25:00+00:00,line_1,,2023-09-16,10:25:00
18,2023-09-16 10:30:00+00:00,line_1,,2023-09-16,10:30:00
19,2023-09-16 10:35:00+00:00,line_1,,2023-09-16,10:35:00
20,2023-09-16 10:40:00+00:00,line_1,,2023-09-16,10:40:00
21,2023-09-16 10:45:00+00:00,line_1,,2023-09-16,10:45:00
22,2023-09-16 10:50:00+00:00,line_1,,2023-09-16,10:50:00
23,2023-09-16 10:55:00+00:00,line_1,,2023-09-16,10:55:00
24,2023-09-16 11:00:00+00:00,line_1,,2023-09-16,11:00:00
25,2023-09-16 11:05:00+00:00,line_1,,2023-09-16,11:05:00
26,2023-09-16 11:10:00+00:00,line_1,,2023-09-16,11:10:00
27,2023-09-16 11:15:00+00:00,line_1,,2023-09-16,11:15:00
28,2023-09-16 11:20:00+00:00,line_1,,2023-09-16,11:20:00
29,2023-09-16 11:25:00+00:00,line_1,,2023-09-16,11:25:00
30,2023-09-16 11:30:00+00:00,line_1,,2023-09-16,11:30:00
31,2023-09-16 11:35:00+00:00,line_1,,2023-09-16,11:35:00
32,2023-09-16 11:40:00+00:00,line_1,,2023-09-16,11:40:00
33,2023-09-16 11:45:00+00:00,line_1,,2023-09-16,11:45:00
34,2023-09-16 11:50:00+00:00,line_1,,2023-09-16,11:50:00
35,2023-09-16 11:55:00+00:00,line_1,,2023-09-16,11:55:00
36,2023-09-16 12:00:00+00:00,line_1,,2023-09-16,12:00:00
37,2023-09-16 12:05:00+00:00,line_1,,2023-09-16,12:05:00
38,2023-09-16 12:10:00+00:00,line_1,,2023-09-16,12:10:00
39,2023-09-16 12:15:00+00:00,line_1,,2023-09-16,12:15:00
40,2023-09-16 12:20:00+00:00,line_1,,2023-09-16,12:20:00
41,2023-09-16 12:25:00+00:00,line_1,,2023-09-16,12:25:00
42,2023-09-16 12:30:00+00:00,line_1,,2023-09-16,12:30:00
43,2023-09-16 12:35:00+00:00,line_1,,2023-09-16,12:35:00
44,2023-09-16 12:40:00+00:00,line_1,,2023-09-16,12:40:00
45,2023-09-16 12:45:00+00:00,line_1,,2023-09-16,12:45:00
46,2023-09-16 12:50:00+00:00,line_1,,2023-09-16,12:50:00
47,2023-09-16 12:55:00+00:00,line_1,,2023-09-16,12:55:00
48,2023-09-16 13:00:00+00:00,line_1,,2023-09-16,13:00:00
49,2023-09-16 13:05:00+00:00,line_1,,2023-09-16,13:05:00
50,2023-09-16 13:10:00+00:00,line_1,,2023-09-16,13:10:00
51,2023-09-16 13:15:00+00:00,line_1,,2023-09-16,13:15:00
52,2023-09-16 13:20:00+00:00,line_1,,2023-09-16,13:20:00
53,2023-09-16 13:25:00+00:00,line_1,,2023-09-16,13:25:00
54,2023-09-16 13:30:00+00:00,line_1,,2023-09-16,13:30:00
55,2023-09-16 13:35:00+00:00,line_1,,2023-09-16,13:35:00
56,2023-09-16 13:40:00+00:00,line_1,,2023-09-16,13:40:00
57,2023-09-16 13:45:00+00:00,line_1,,2023-09-16,13:45:00
58,2023-09-16 13:50:00+00:00,line_1,,2023-09-16,13:50:00
59,2023-09-16 13:55:00+00:00,line_1,,2023-09-16,13:55:00
60,2023-09-16 14:00:00+00:00,line_1,,2023-09-16,14:00:00
61,2023-09-16 14:05:00+00:00,line_1,,2023-09-16,14:05:00
62,2023-09-16 14:10:00+00:00,line_1,,2023-09-16,14:10:00
63,2023-09-16 14:15:00+00:00,line_1,,2023-09-16,14:15:00
64,2023-09-16 14:20:00+00:00,line_1,,2023-09-16,14:20:00
65,2023-09-16 14:25:00+00:00,line_1,,2023-09-16,14:25:00
66,2023-09-16 14:30:00+00:00,line_1,,2023-09-16,14:30:00
67,2023-09-16 14:35:00+00:00,line_1,,2023-09-16,14:35:00
68,2023-09-16 14:40:00+00:00,line_1,,2023-09-16,14:40:00
69,2023-09-16 14:45:00+00:00,line_1,,2023-09-16,14:45:00
70,2023-09-16 14:50:00+00:00,line_1,,2023-09-16,14:50:00
71,2023-09-16 14:55:00+00:00,line_1,,2023-09-16,14:55:00
72,2023-09-16 15:00:00+00:00,line_1,,2023-09-16,15:00:00
73,2023-09-16 15:05:00+00:00,line_1,,2023-09-16,15:05:00
74,2023-09-16 15:10:00+00:00,line_1,,2023-09-16,15:10:00
75,2023-09-16 15:15:00+00:00,line_1,,2023-09-16,15:15:00
76,2023-09-16 15:20:00+00:00,line_1,,2023-09-16,15:20:00
77,2023-09-16 15:25:00+00:00,line_1,,2023-09-16,15:25:00
78,2023-09-16 15:30:00+00:00,line_1,,2023-09-16,15:30:00
79,2023-09-16 15:35:00+00:00,line_1,,2023-09-16,15:35:00
80,2023-09-16 15:40:00+00:00,line_1,,2023-09-16,15:40:00
81,2023-09-16 15:45:00+00:00,line_1,,2023-09-16,15:45:00
82,2023-09-16 15:50:00+00:00,line_1,,2023-09-16,15:50:00
83,2023-09-16 15:55:00+00:00,line_1,,2023-09-16,15:55:00
84,2023-09-16 16:00:00+00:00,line_1,,2023-09-16,16:00:00
85,2023-09-16 16:05:00+00:00,line_1,,2023-09-16,16:05:00
86,2023-09-16 16:10:00+00:00,line_1,,2023-09-16,16:10:00
87,2023-09-16 16:15:00+00:00,line_1,,2023-09-16,16:15:00
88,2023-09-16 16:20:00+00:00,line_1,,2023-09-16,16:20:00
89,2023-09-16 16:25:00+00:00,line_1,,2023-09-16,16:25:00
90,2023-09-16 16:30:00+00:00,line_1,,2023-09-16,16:30:00
91,2023-09-16 16:35:00+00:00,line_1,,2023-09-16,16:35:00
92,2023-09-16 16:40:00+00:00,line_1,,2023-09-16,16:40:00
93,2023-09-16 16:45:00+00:00,line_1,,2023-09-16,16:45:00
94,2023-09-16 16:50:00+00:00,line_1,,2023-09-16,16:50:00
95,2023-09-16 16:55:00+00:00,line_1,,2023-09-16,16:55:00
96,2023-09-16 17:00:00+00:00,line_1,,2023-09-16,17:00:00
97,2023-09-16 17:05:00+00:00,line_1,,2023-09-16,17:05:00
98,2023-09-16 17:10:00+00:00,line_1,,2023-09-16,17:10:00
99,2023-09-16 17:15:00+00:00,line_1,,2023-09-16,17:15:00
100,2023-09-16 17:20:00+00:00,line_1,,2023-09-16,17:20:00
101,2023-09-16 17:25:00+00:00,line_1,,2023-09-16,17:25:00
102,2023-09-16 17:30:00+00:00,line_1,,2023-09-16,17:30:00
103,2023-09-16 17:35:00+00:00,line_1,,2023-09-16,17:35:00
104,2023-09-16 17:40:00+00:00,line_1,,2023-09-16,17:40:00
105,2023-09-16 17:45:00+00:00,line_1,,2023-09-16,17:45:00
106,2023-09-16 17:50:00+00:00,line_1,,2023-09-16,17:50:00
107,2023-09-16 17:55:00+00:00,line_1,,2023-09-16,17:55:00
108,2023-09-16 18:00:00+00:00,line_1,,2023-09-16,18:00:00
109,2023-09-16 18:05:00+00:00,line_1,,2023-09-16,18:05:00
110,2023-09-16 18:10:00+00:00,line_1,,2023-09-16,18:10:00
111,2023-09-16 18:15:00+00:00,line_1,,2023-09-16,18:15:00
112,2023-09-16 18:20:00+00:00,line_1,,2023-09-16,18:20:00
113,2023-09-16 18:25:00+00:00,line_1,,2023-09-16,18:25:00
114,2023-09-16 18:30:00+00:00,line_1,,2023-09-16,18:30:00
115,2023-09-16 18:35:00+00:00,line_1,,2023-09-16,18:35:00
116,2023-09-16 18:40:00+00:00,line_1,,2023-09-16,18:40:00
117,2023-09-16 18:45:00+00:00,line_1,,2023-09-16,18:45:00
118,2023-09-16 18:50:00+00:00,line_1,,2023-09-16,18:50:00
119,2023-09-16 18:55:00+00:00,line_1,,2023-09-16,18:55:00
120,2023-09-16 19:00:00+00:00,line_1,,2023-09-16,19:00:00
121,2023-09-16 19:05:00+00:00,line_1,,2023-09-16,19:05:00
122,2023-09-16 19:10:00+00:00,line_1,,2023-09-16,19:10:00
123,2023-09-16 19:15:00+00:00,line_1,,2023-09-16,19:15:00
124,2023-09-16 19:20:00+00:00,line_1,,2023-09-16,19:20:00
125,2023-09-16 19:25:00+00:00,line_1,,2023-09-16,19:25:00
126,2023-09-16 19:30:00+00:00,line_1,,2023-09-16,19:30:00
127,2023-09-16 19:35:00+00:00,line_1,,2023-09-16,19:35:00
128,2023-09-16 19:40:00+00:00,line_1,,2023-09-16,19:40:00
129,2023-09-16 19:45:00+00:00,line_1,,2023-09-16,19:45:00
130,2023-09-16 19:50:00+00:00,line_1,,2023-09-16,19:50:00
131,2023-09-16 19:55:00+00:00,line_1,,2023-09-16,19:55:00
132,2023-09-16 20:00:00+00:00,line_1,,2023-09-16,20:00:00
133,2023-09-16 20:05:00+00:00,line_1,,2023-09-16,20:05:00
134,2023-09-16 20:10:00+00:00,line_1,,2023-09-16,20:10:00
135,2023-09-16 20:15:00+00:00,line_1,,2023-09-16,20:15:00
136,2023-09-16 20:20:00+00:00,line_1,,2023-09-16,20:20:00
137,2023-09-16 20:25:00+00:00,line_1,,2023-09-16,20:25:00
138,2023-09-16 20:30:00+00:00,line_1,,2023-09-16,20:30:00
139,2023-09-16 20:35:00+00:00,line_1,,2023-09-16,20:35:00
140,2023-09-16 20:40:00+00:00,line_1,,2023-09-16,20:40:00
141,2023-09-16 20:45:00+00:00,line_1,,2023-09-16,20:45:00
142,2023-09-16 20:50:00+00:00,line_1,,2023-09-16,20:50:00
143,2023-09-16 20:55:00+00:00,line_1,,2023-09-16,20:55:00
144,2023-09-16 21:00:00+00:00,line_1,,2023-09-16,21:00:00
145,2023-09-16 21:05:00+00:00,line_1,,2023-09-16,21:05:00
146,2023-09-16 21:10:00+00:00,line_1,,2023-09-16,21:10:00
147,2023-09-16 21:15:00+00:00,line_1,,2023-09-16,21:15:00
148,2023-09-16 21:20:00+00:00,line_1,,2023-09-16,21:20:00
149,2023-09-16 21:25:00+00:00,line_1,,2023-09-16,21:25:00
150,2023-09-16 21:30:00+00:00,line_1,,2023-09-16,21:30:00
151,2023-09-16 21:35:00+00:00,line_1,,2023-09-16,21:35:00
152,2023-09-16 21:40:00+00:00,line_1,,2023-09-16,21:40:00
153,2023-09-16 21:45:00+00:00,line_1,,2023-09-16,21:45:00
154,2023-09-16 21:50:00+00:00,line_1,,2023-09-16,21:50:00
155,2023-09-16 21:55:00+00:00,line_1,,2023-09-16,21:55:00
156,2023-09-16 22:00:00+00:00,line_1,,2023-09-16,22:00:00
157,2023-09-16 22:05:00+00:00,line_1,,2023-09-16,22:05:00
158,2023-09-16 22:10:00+00:00,line_1,,2023-09-16,22:10:00
159,2023-09-16 22:15:00+00:00,line_1,,2023-09-16,22:15:00
160,2023-09-16 22:20:00+00:00,line_1,,2023-09-16,22:20:00
161,2023-09-16 22:25:00+00:00,line_1,,2023-09-16,22:25:00
162,2023-09-16 22:30:00+00:00,line_1,,2023-09-16,22:30:00
163,2023-09-16 22:35:00+00:00,line_1,,2023-09-16,22:35:00
164,2023-09-16 22:40:00+00:00,line_1,,2023-09-16,22:40:00
165,2023-09-16 22:45:00+00:00,line_1,,2023-09-16,22:45:00
166,2023-09-16 22:50:00+00:00,line_1,,2023-09-16,22:50:00
167,2023-09-16 22:55:00+00:00,line_1,,2023-09-16,22:55:00
168,2023-09-16 23:00:00+00:00,line_1,,2023-09-16,23:00:00
169,2023-09-16 23:05:00+00:00,line_1,,2023-09-16,23:05:00
170,2023-09-16 23:10:00+00:00,line_1,,2023-09-16,23:10:00
171,2023-09-16 23:15:00+00:00,line_1,,2023-09-16,23:15:00
172,2023-09-16 23:20:00+00:00,line_1,,2023-09-16,23:20:00
173,2023-09-16 23:25:00+00:00,line_1,,2023-09-16,23:25:00
174,2023-09-16 23:30:00+00:00,line_1,,2023-09-16,23:30:00
175,2023-09-16 23:35:00+00:00,line_1,,2023-09-16,23:35:00
176,2023-09-16 23:40:00+00:00,line_1,,2023-09-16,23:40:00
177,2023-09-16 23:45:00+00:00,line_1,,2023-09-16,23:45:00
178,2023-09-16 23:50:00+00:00,line_1,,2023-09-16,23:50:00
179,2023-09-16 23:55:00+00:00,line_1,,2023-09-16,23:55:00
180,2023-09-17 00:00:00+00:00,line_1,,2023-09-17,00:00:00
181,2023-09-17 00:05:00+00:00,line_1,,2023-09-17,00:05:00
182,2023-09-17 00:10:00+00:00,line_1,,2023-09-17,00:10:00
183,2023-09-17 00:15:00+00:00,line_1,,2023-09-17,00:15:00
184,2023-09-17 00:20:00+00:00,line_1,,2023-09-17,00:20:00
185,2023-09-17 00:25:00+00:00,line_1,,2023-09-17,00:25:00
186,2023-09-17 00:30:00+00:00,line_1,,2023-09-17,00:30:00
187,2023-09-17 00:35:00+00:00,line_1,,2023-09-17,00:35:00
188,2023-09-17 00:40:00+00:00,line_1,,2023-09-17,00:40:00
189,2023-09-17 00:45:00+00:00,line_1,,2023-09-17,00:45:00
190,2023-09-17 00:50:00+00:00,line_1,,2023-09-17,00:50:00
191,2023-09-17 00:55:00+00:00,line_1,,2023-09-17,00:55:00
192,2023-09-17 01:00:00+00:00,line_1,,2023-09-17,01:00:00
193,2023-09-17 01:05:00+00:00,line_1,,2023-09-17,01:05:00
194,2023-09-17 01:10:00+00:00,line_1,,2023-09-17,01:10:00
195,2023-09-17 01:15:00+00:00,line_1,,2023-09-17,01:15:00
196,2023-09-17 01:20:00+00:00,line_1,,2023-09-17,01:20:00
197,2023-09-17 01:25:00+00:00,line_1,,2023-09-17,01:25:00
198,2023-09-17 01:30:00+00:00,line_1,,2023-09-17,01:30:00
199,2023-09-17 01:35:00+00:00,line_1,,2023-09-17,01:35:00
200,2023-09-17 01:40:00+00:00,line_1,,2023-09-17,01:40:00
201,2023-09-17 01:45:00+00:00,line_1,,2023-09-17,01:45:00
202,2023-09-17 01:50:00+00:00,line_1,,2023-09-17,01:50:00
203,2023-09-17 01:55:00+00:00,line_1,,2023-09-17,01:55:00
204,2023-09-17 02:00:00+00:00,line_1,,2023-09-17,02:00:00
205,2023-09-17 02:05:00+00:00,line_1,,2023-09-17,02:05:00
206,2023-09-17 02:10:00+00:00,line_1,,2023-09-17,02:10:00
207,2023-09-17 02:15:00+00:00,line_1,,2023-09-17,02:15:00
208,2023-09-17 02:20:00+00:00,line_1,,2023-09-17,02:20:00
209,2023-09-17 02:25:00+00:00,line_1,,2023-09-17,02:25:00
210,2023-09-17 02:30:00+00:00,line_1,,2023-09-17,02:30:00
211,2023-09-17 02:35:00+00:00,line_1,,2023-09-17,02:35:00
212,2023-09-17 02:40:00+00:00,line_1,,2023-09-17,02:40:00
213,2023-09-17 02:45:00+00:00,line_1,,2023-09-17,02:45:00
214,2023-09-17 02:50:00+00:00,line_1,,2023-09-17,02:50:00
215,2023-09-17 02:55:00+00:00,line_1,,2023-09-17,02:55:00
216,2023-09-17 03:00:00+00:00,line_1,,2023-09-17,03:00:00
217,2023-09-17 03:05:00+00:00,line_1,,2023-09-17,03:05:00
218,2023-09-17 03:10:00+00:00,line_1,,2023-09-17,03:10:00
219,2023-09-17 03:15:00+00:00,line_1,,2023-09-17,03:15:00
220,2023-09-17 03:20:00+00:00,line_1,,2023-09-17,03:20:00
221,2023-09-17 03:25:00+00:00,line_1,,2023-09-17,03:25:00
222,2023-09-17 03:30:00+00:00,line_1,,2023-09-17,03:30:00
223,2023-09-17 03:35:00+00:00,line_1,,2023-09-17,03:35:00
224,2023-09-17 03:40:00+00:00,line_1,,2023-09-17,03:40:00
225,2023-09-17 03:45:00+00:00,line_1,,2023-09-17,03:45:00
226,2023-09-17 03:50:00+00:00,line_1,,2023-09-17,03:50:00
227,2023-09-17 03:55:00+00:00,line_1,,2023-09-17,03:55:00
228,2023-09-17 04:00:00+00:00,line_1,,2023-09-17,04:00:00
229,2023-09-17 04:05:00+00:00,line_1,,2023-09-17,04:05:00
230,2023-09-17 04:10:00+00:00,line_1,,2023-09-17,04:10:00
231,2023-09-17 04:15:00+00:00,line_1,,2023-09-17,04:15:00
232,2023-09-17 04:20:00+00:00,line_1,,2023-09-17,04:20:00
233,2023-09-17 04:25:00+00:00,line_1,,2023-09-17,04:25:00
234,2023-09-17 04:30:00+00:00,line_1,,2023-09-17,04:30:00
235,2023-09-17 04:35:00+00:00,line_1,,2023-09-17,04:35:00
236,2023-09-17 04:40:00+00:00,line_1,,2023-09-17,04:40:00
237,2023-09-17 04:45:00+00:00,line_1,,2023-09-17,04:45:00
238,2023-09-17 04:50:00+00:00,line_1,,2023-09-17,04:50:00
239,2023-09-17 04:55:00+00:00,line_1,,2023-09-17,04:55:00
240,2023-09-17 05:00:00+00:00,line_1,,2023-09-17,05:00:00
241,2023-09-17 05:05:00+00:00,line_1,,2023-09-17,05:05:00
242,2023-09-17 05:10:00+00:00,line_1,,2023-09-17,05:10:00
243,2023-09-17 05:15:00+00:00,line_1,,2023-09-17,05:15:00
244,2023-09-17 05:20:00+00:00,line_1,,2023-09-17,05:20:00
245,2023-09-17 05:25:00+00:00,line_1,,2023-09-17,05:25:00
246,2023-09-17 05:30:00+00:00,line_1,,2023-09-17,05:30:00
247,2023-09-17 05:35:00+00:00,line_1,,2023-09-17,05:35:00
248,2023-09-17 05:40:00+00:00,line_1,,2023-09-17,05:40:00
249,2023-09-17 05:45:00+00:00,line_1,,2023-09-17,05:45:00
250,2023-09-17 05:50:00+00:00,line_1,,2023-09-17,05:50:00
251,2023-09-17 05:55:00+00:00,line_1,,2023-09-17,05:55:00
252,2023-09-17 06:00:00+00:00,line_1,,2023-09-17,06:00:00
253,2023-09-17 06:05:00+00:00,line_1,,2023-09-17,06:05:00
254,2023-09-17 06:10:00+00:00,line_1,,2023-09-17,06:10:00
255,2023-09-17 06:15:00+00:00,line_1,,2023-09-17,06:15:00
256,2023-09-17 06:20:00+00:00,line_1,,2023-09-17,06:20:00
257,2023-09-17 06:25:00+00:00,line_1,,2023-09-17,06:25:00
258,2023-09-17 06:30:00+00:00,line_1,,2023-09-17,06:30:00
259,2023-09-17 06:35:00+00:00,line_1,,2023-09-17,06:35:00
260,2023-09-17 06:40:00+00:00,line_1,,2023-09-17,06:40:00
261,2023-09-17 06:45:00+00:00,line_1,,2023-09-17,06:45:00
262,2023-09-17 06:50:00+00:00,line_1,,2023-09-17,06:50:00
263,2023-09-17 06:55:00+00:00,line_1,,2023-09-17,06:55:00
264,2023-09-17 07:00:00+00:00,line_1,,2023-09-17,07:00:00
265,2023-09-17 07:05:00+00:00,line_1,,2023-09-17,07:05:00
266,2023-09-17 07:10:00+00:00,line_1,,2023-09-17,07:10:00
267,2023-09-17 07:15:00+00:00,line_1,,2023-09-17,07:15:00
268,2023-09-17 07:20:00+00:00,line_1,,2023-09-17,07:20:00
269,2023-09-17 07:25:00+00:00,line_1,,2023-09-17,07:25:00
270,2023-09-17 07:30:00+00:00,line_1,,2023-09-17,07:30:00
271,2023-09-17 07:35:00+00:00,line_1,,2023-09-17,07:35:00
272,2023-09-17 07:40:00+00:00,line_1,,2023-09-17,07:40:00
273,2023-09-17 07:45:00+00:00,line_1,,2023-09-17,07:45:00
274,2023-09-17 07:50:00+00:00,line_1,,2023-09-17,07:50:00
275,2023-09-17 07:55:00+00:00,line_1,,2023-09-17,07:55:00
276,2023-09-17 08:00:00+00:00,line_1,,2023-09-17,08:00:00
277,2023-09-17 08:05:00+00:00,line_1,,2023-09-17,08:05:00
278,2023-09-17 08:10:00+00:00,line_1,,2023-09-17,08:10:00
279,2023-09-17 08:15:00+00:00,line_1,,2023-09-17,08:15:00
280,2023-09-17 08:20:00+00:00,line_1,,2023-09-17,08:20:00
281,2023-09-17 08:25:00+00:00,line_1,,2023-09-17,08:25:00
282,2023-09-17 08:30:00+00:00,line_1,,2023-09-17,08:30:00
283,2023-09-17 08:35:00+00:00,line_1,,2023-09-17,08:35:00
284,2023-09-17 08:40:00+00:00,line_1,,2023-09-17,08:40:00
285,2023-09-17 08:45:00+00:00,line_1,,2023-09-17,08:45:00
286,2023-09-17 08:50:00+00:00,line_1,,2023-09-17,08:50:00
287,2023-09-17 08:55:00+00:00,line_1,,2023-09-17,08:55:00
288,2023-09-17 09:00:00+00:00,line_1,,2023-09-17,09:00:00
289,2023-09-17 09:05:00+00:00,line_1,,2023-09-17,09:05:00
290,2023-09-17 09:10:00+00:00,line_1,,2023-09-17,09:10:00
291,2023-09-17 09:15:00+00:00,line_1,,2023-09-17,09:15:00
292,2023-09-17 09:20:00+00:00,line_1,,2023-09-17,09:20:00
293,2023-09-17 09:25:00+00:00,line_1,,2023-09-17,09:25:00
294,2023-09-17 09:30:00+00:00,line_1,,2023-09-17,09:30:00
295,2023-09-17 09:35:00+00:00,line_1,,2023-09-17,09:35:00
296,2023-09-17 09:40:00+00:00,line_1,,2023-09-17,09:40:00
297,2023-09-17 09:45:00+00:00,line_1,,2023-09-17,09:45:00
298,2023-09-17 09:50:00+00:00,line_1,,2023-09-17,09:50:00
299,2023-09-17 09:55:00+00:00,line_1,,2023-09-17,09:55:00
300,2023-09-17 10:00:00+00:00,line_1,,2023-09-17,10:00:00
301,2023-09-17 10:05:00+00:00,line_1,,2023-09-17,10:05:00
302,2023-09-17 10:10:00+00:00,line_1,,2023-09-17,10:10:00
303,2023-09-17 10:15:00+00:00,line_1,,2023-09-17,10:15:00
304,2023-09-17 10:20:00+00:00,line_1,,2023-09-17,10:20:00
305,2023-09-17 10:25:00+00:00,line_1,,2023-09-17,10:25:00
306,2023-09-17 10:30:00+00:00,line_1,,2023-09-17,10:30:00
307,2023-09-17 10:35:00+00:00,line_1,,2023-09-17,10:35:00
308,2023-09-17 10:40:00+00:00,line_1,,2023-09-17,10:40:00
309,2023-09-17 10:45:00+00:00,line_1,,2023-09-17,10:45:00
310,2023-09-17 10:50:00+00:00,line_1,,2023-09-17,10:50:00
311,2023-09-17 10:55:00+00:00,line_1,,2023-09-17,10:55:00
312,2023-09-17 11:00:00+00:00,line_1,,2023-09-17,11:00:00
313,2023-09-17 11:05:00+00:00,line_1,,2023-09-17,11:05:00
314,2023-09-17 11:10:00+00:00,line_1,,2023-09-17,11:10:00
315,2023-09-17 11:15:00+00:00,line_1,,2023-09-17,11:15:00
316,2023-09-17 11:20:00+00:00,line_1,,2023-09-17,11:20:00
317,2023-09-17 11:25:00+00:00,line_1,,2023-09-17,11:25:00
318,2023-09-17 11:30:00+00:00,line_1,,2023-09-17,11:30:00
319,2023-09-17 11:35:00+00:00,line_1,,2023-09-17,11:35:00
320,2023-09-17 11:40:00+00:00,line_1,,2023-09-17,11:40:00
321,2023-09-17 11:45:00+00:00,line_1,,2023-09-17,11:45:00
322,2023-09-17 11:50:00+00:00,line_1,,2023-09-17,11:50:00
323,2023-09-17 11:55:00+00:00,line_1,,2023-09-17,11:55:00
324,2023-09-17 12:00:00+00:00,line_1,,2023-09-17,12:00:00
325,2023-09-17 12:05:00+00:00,line_1,,2023-09-17,12:05:00
326,2023-09-17 12:10:00+00:00,line_1,,2023-09-17,12:10:00
327,2023-09-17 12:15:00+00:00,line_1,,2023-09-17,12:15:00
328,2023-09-17 12:20:00+00:00,line_1,,2023-09-17,12:20:00
329,2023-09-17 12:25:00+00:00,line_1,,2023-09-17,12:25:00
330,2023-09-17 12:30:00+00:00,line_1,,2023-09-17,12:30:00
331,2023-09-17 12:35:00+00:00,line_1,,2023-09-17,12:35:00
332,2023-09-17 12:40:00+00:00,line_1,,2023-09-17,12:40:00
333,2023-09-17 12:45:00+00:00,line_1,,2023-09-17,12:45:00
334,2023-09-17 12:50:00+00:00,line_1,,2023-09-17,12:50:00
335,2023-09-17 12:55:00+00:00,line_1,,2023-09-17,12:55:00
336,2023-09-17 13:00:00+00:00,line_1,,2023-09-17,13:00:00
337,2023-09-17 13:05:00+00:00,line_1,,2023-09-17,13:05:00
338,2023-09-17 13:10:00+00:00,line_1,,2023-09-17,13:10:00
339,2023-09-17 13:15:00+00:00,line_1,,2023-09-17,13:15:00
340,2023-09-17 13:20:00+00:00,line_1,,2023-09-17,13:20:00
341,2023-09-17 13:25:00+00:00,line_1,,2023-09-17,13:25:00
342,2023-09-17 13:30:00+00:00,line_1,,2023-09-17,13:30:00
343,2023-09-17 13:35:00+00:00,line_1,,2023-09-17,13:35:00
344,2023-09-17 13:40:00+00:00,line_1,,2023-09-17,13:40:00
345,2023-09-17 13:45:00+00:00,line_1,,2023-09-17,13:45:00
346,2023-09-17 13:50:00+00:00,line_1,,2023-09-17,13:50:00
347,2023-09-17 13:55:00+00:00,line_1,,2023-09-17,13:55:00
348,2023-09-17 14:00:00+00:00,line_1,,2023-09-17,14:00:00
349,2023-09-17 14:05:00+00:00,line_1,,2023-09-17,14:05:00
350,2023-09-17 14:10:00+00:00,line_1,,2023-09-17,14:10:00
351,2023-09-17 14:15:00+00:00,line_1,,2023-09-17,14:15:00
352,2023-09-17 14:20:00+00:00,line_1,,2023-09-17,14:20:00
353,2023-09-17 14:25:00+00:00,line_1,,2023-09-17,14:25:00
354,2023-09-17 14:30:00+00:00,line_1,,2023-09-17,14:30:00
355,2023-09-17 14:35:00+00:00,line_1,,2023-09-17,14:35:00
356,2023-09-17 14:40:00+00:00,line_1,,2023-09-17,14:40:00
357,2023-09-17 14:45:00+00:00,line_1,,2023-09-17,14:45:00
358,2023-09-17 14:50:00+00:00,line_1,,2023-09-17,14:50:00
359,2023-09-17 14:55:00+00:00,line_1,,2023-09-17,14:55:00
360,2023-09-17 15:00:00+00:00,line_1,,2023-09-17,15:00:00
361,2023-09-17 15:05:00+00:00,line_1,,2023-09-17,15:05:00
362,2023-09-17 15:10:00+00:00,line_1,,2023-09-17,15:10:00
363,2023-09-17 15:15:00+00:00,line_1,,2023-09-17,15:15:00
364,2023-09-17 15:20:00+00:00,line_1,,2023-09-17,15:20:00
365,2023-09-17 15:25:00+00:00,line_1,,2023-09-17,15:25:00
366,2023-09-17 15:30:00+00:00,line_1,,2023-09-17,15:30:00
367,2023-09-17 15:35:00+00:00,line_1,,2023-09-17,15:35:00
368,2023-09-17 15:40:00+00:00,line_1,,2023-09-17,15:40:00
369,2023-09-17 15:45:00+00:00,line_1,,2023-09-17,15:45:00
370,2023-09-17 15:50:00+00:00,line_1,,2023-09-17,15:50:00
371,2023-09-17 15:55:00+00:00,line_1,,2023-09-17,15:55:00
372,2023-09-17 16:00:00+00:00,line_1,,2023-09-17,16:00:00
373,2023-09-17 16:05:00+00:00,line_1,,2023-09-17,16:05:00
374,2023-09-17 16:10:00+00:00,line_1,,2023-09-17,16:10:00
375,2023-09-17 16:15:00+00:00,line_1,,2023-09-17,16:15:00
376,2023-09-17 16:20:00+00:00,line_1,,2023-09-17,16:20:00
377,2023-09-17 16:25:00+00:00,line_1,,2023-09-17,16:25:00
378,2023-09-17 16:30:00+00:00,line_1,,2023-09-17,16:30:00
379,2023-09-17 16:35:00+00:00,line_1,,2023-09-17,16:35:00
380,2023-09-17 16:40:00+00:00,line_1,,2023-09-17,16:40:00
381,2023-09-17 16:45:00+00:00,line_1,,2023-09-17,16:45:00
382,2023-09-17 16:50:00+00:00,line_1,,2023-09-17,16:50:00
383,2023-09-17 16:55:00+00:00,line_1,,2023-09-17,16:55:00
384,2023-09-17 17:00:00+00:00,line_1,,2023-09-17,17:00:00
385,2023-09-17 17:05:00+00:00,line_1,,2023-09-17,17:05:00
386,2023-09-17 17:10:00+00:00,line_1,,2023-09-17,17:10:00
387,2023-09-17 17:15:00+00:00,line_1,,2023-09-17,17:15:00
388,2023-09-17 17:20:00+00:00,line_1,,2023-09-17,17:20:00
389,2023-09-17 17:25:00+00:00,line_1,,2023-09-17,17:25:00
390,2023-09-17 17:30:00+00:00,line_1,,2023-09-17,17:30:00
391,2023-09-17 17:35:00+00:00,line_1,,2023-09-17,17:35:00
392,2023-09-17 17:40:00+00:00,line_1,,2023-09-17,17:40:00
393,2023-09-17 17:45:00+00:00,line_1,,2023-09-17,17:45:00
394,2023-09-17 17:50:00+00:00,line_1,,2023-09-17,17:50:00
395,2023-09-17 17:55:00+00:00,line_1,,2023-09-17,17:55:00
396,2023-09-17 18:00:00+00:00,line_1,,2023-09-17,18:00:00
397,2023-09-17 18:05:00+00:00,line_1,,2023-09-17,18:05:00
398,2023-09-17 18:10:00+00:00,line_1,,2023-09-17,18:10:00
399,2023-09-17 18:15:00+00:00,line_1,,2023-09-17,18:15:00
400,2023-09-17 18:20:00+00:00,line_1,,2023-09-17,18:20:00
401,2023-09-17 18:25:00+00:00,line_1,,2023-09-17,18:25:00
402,2023-09-17 18:30:00+00:00,line_1,,2023-09-17,18:30:00
403,2023-09-17 18:35:00+00:00,line_1,,2023-09-17,18:35:00
404,2023-09-17 18:40:00+00:00,line_1,,2023-09-17,18:40:00
405,2023-09-17 18:45:00+00:00,line_1,,2023-09-17,18:45:00
406,2023-09-17 18:50:00+00:00,line_1,,2023-09-17,18:50:00
407,2023-09-17 18:55:00+00:00,line_1,,2023-09-17,18:55:00
408,2023-09-17 19:00:00+00:00,line_1,,2023-09-17,19:00:00
409,2023-09-17 19:05:00+00:00,line_1,,2023-09-17,19:05:00
410,2023-09-17 19:10:00+00:00,line_1,,2023-09-17,19:10:00
411,2023-09-17 19:15:00+00:00,line_1,,2023-09-17,19:15:00
412,2023-09-17 19:20:00+00:00,line_1,,2023-09-17,19:20:00
413,2023-09-17 19:25:00+00:00,line_1,,2023-09-17,19:25:00
414,2023-09-17 19:30:00+00:00,line_1,,2023-09-17,19:30:00
415,2023-09-17 19:35:00+00:00,line_1,,2023-09-17,19:35:00
416,2023-09-17 19:40:00+00:00,line_1,,2023-09-17,19:40:00
417,2023-09-17 19:45:00+00:00,line_1,,2023-09-17,19:45:00
418,2023-09-17 19:50:00+00:00,line_1,86.0,2023-09-17,19:50:00
419,2023-09-17 19:55:00+00:00,line_1,36.0,2023-09-17,19:55:00
420,2023-09-17 20:00:00+00:00,line_1,72.0,2023-09-17,20:00:00
421,2023-09-17 20:05:00+00:00,line_1,62.0,2023-09-17,20:05:00
422,2023-09-17 20:10:00+00:00,line_1,16.0,2023-09-17,20:10:00
423,2023-09-17 20:15:00+00:00,line_1,,2023-09-17,20:15:00
424,2023-09-17 20:20:00+00:00,line_1,,2023-09-17,20:20:00
425,2023-09-17 20:25:00+00:00,line_1,4.0,2023-09-17,20:25:00
426,2023-09-17 20:30:00+00:00,line_1,,2023-09-17,20:30:00
427,2023-09-17 20:35:00+00:00,line_1,,2023-09-17,20:35:00
428,2023-09-17 20:40:00+00:00,line_1,6.0,2023-09-17,20:40:00
429,2023-09-17 20:45:00+00:00,line_1,12.0,2023-09-17,20:45:00
430,2023-09-17 20:50:00+00:00,line_1,16.0,2023-09-17,20:50:00
431,2023-09-17 20:55:00+00:00,line_1,,2023-09-17,20:55:00
432,2023-09-17 21:00:00+00:00,line_1,,2023-09-17,21:00:00
433,2023-09-17 21:05:00+00:00,line_1,,2023-09-17,21:05:00
434,2023-09-17 21:10:00+00:00,line_1,,2023-09-17,21:10:00
435,2023-09-17 21:15:00+00:00,line_1,,2023-09-17,21:15:00
436,2023-09-17 21:20:00+00:00,line_1,,2023-09-17,21:20:00
437,2023-09-17 21:25:00+00:00,line_1,,2023-09-17,21:25:00
438,2023-09-17 21:30:00+00:00,line_1,,2023-09-17,21:30:00
439,2023-09-17 21:35:00+00:00,line_1,,2023-09-17,21:35:00
440,2023-09-17 21:40:00+00:00,line_1,,2023-09-17,21:40:00
441,2023-09-17 21:45:00+00:00,line_1,,2023-09-17,21:45:00
442,2023-09-17 21:50:00+00:00,line_1,,2023-09-17,21:50:00
443,2023-09-17 21:55:00+00:00,line_1,,2023-09-17,21:55:00
444,2023-09-17 22:00:00+00:00,line_1,,2023-09-17,22:00:00
445,2023-09-17 22:05:00+00:00,line_1,,2023-09-17,22:05:00
446,2023-09-17 22:10:00+00:00,line_1,,2023-09-17,22:10:00
447,2023-09-17 22:15:00+00:00,line_1,,2023-09-17,22:15:00
448,2023-09-17 22:20:00+00:00,line_1,,2023-09-17,22:20:00
449,2023-09-17 22:25:00+00:00,line_1,,2023-09-17,22:25:00
450,2023-09-17 22:30:00+00:00,line_1,,2023-09-17,22:30:00
451,2023-09-17 22:35:00+00:00,line_1,,2023-09-17,22:35:00
452,2023-09-17 22:40:00+00:00,line_1,,2023-09-17,22:40:00
453,2023-09-17 22:45:00+00:00,line_1,,2023-09-17,22:45:00
454,2023-09-17 22:50:00+00:00,line_1,,2023-09-17,22:50:00
455,2023-09-17 22:55:00+00:00,line_1,,2023-09-17,22:55:00
456,2023-09-17 23:00:00+00:00,line_1,,2023-09-17,23:00:00
457,2023-09-17 23:05:00+00:00,line_1,,2023-09-17,23:05:00
458,2023-09-17 23:10:00+00:00,line_1,,2023-09-17,23:10:00
459,2023-09-17 23:15:00+00:00,line_1,,2023-09-17,23:15:00
460,2023-09-17 23:20:00+00:00,line_1,,2023-09-17,23:20:00
461,2023-09-17 23:25:00+00:00,line_1,,2023-09-17,23:25:00
462,2023-09-17 23:30:00+00:00,line_1,,2023-09-17,23:30:00
463,2023-09-17 23:35:00+00:00,line_1,,2023-09-17,23:35:00
464,2023-09-17 23:40:00+00:00,line_1,,2023-09-17,23:40:00
465,2023-09-17 23:45:00+00:00,line_1,,2023-09-17,23:45:00
466,2023-09-17 23:50:00+00:00,line_1,,2023-09-17,23:50:00
467,2023-09-17 23:55:00+00:00,line_1,,2023-09-17,23:55:00
468,2023-09-18 00:00:00+00:00,line_1,,2023-09-18,00:00:00
469,2023-09-18 00:05:00+00:00,line_1,,2023-09-18,00:05:00
470,2023-09-18 00:10:00+00:00,line_1,,2023-09-18,00:10:00
471,2023-09-18 00:15:00+00:00,line_1,,2023-09-18,00:15:00
472,2023-09-18 00:20:00+00:00,line_1,,2023-09-18,00:20:00
473,2023-09-18 00:25:00+00:00,line_1,,2023-09-18,00:25:00
474,2023-09-18 00:30:00+00:00,line_1,,2023-09-18,00:30:00
475,2023-09-18 00:35:00+00:00,line_1,,2023-09-18,00:35:00
476,2023-09-18 00:40:00+00:00,line_1,,2023-09-18,00:40:00
477,2023-09-18 00:45:00+00:00,line_1,,2023-09-18,00:45:00
478,2023-09-18 00:50:00+00:00,line_1,,2023-09-18,00:50:00
479,2023-09-18 00:55:00+00:00,line_1,,2023-09-18,00:55:00
480,2023-09-18 01:00:00+00:00,line_1,,2023-09-18,01:00:00
481,2023-09-18 01:05:00+00:00,line_1,,2023-09-18,01:05:00
482,2023-09-18 01:10:00+00:00,line_1,,2023-09-18,01:10:00
483,2023-09-18 01:15:00+00:00,line_1,,2023-09-18,01:15:00
484,2023-09-18 01:20:00+00:00,line_1,,2023-09-18,01:20:00
485,2023-09-18 01:25:00+00:00,line_1,,2023-09-18,01:25:00
486,2023-09-18 01:30:00+00:00,line_1,,2023-09-18,01:30:00
487,2023-09-18 01:35:00+00:00,line_1,,2023-09-18,01:35:00
488,2023-09-18 01:40:00+00:00,line_1,,2023-09-18,01:40:00
489,2023-09-18 01:45:00+00:00,line_1,,2023-09-18,01:45:00
490,2023-09-18 01:50:00+00:00,line_1,,2023-09-18,01:50:00
491,2023-09-18 01:55:00+00:00,line_1,,2023-09-18,01:55:00
492,2023-09-18 02:00:00+00:00,line_1,,2023-09-18,02:00:00
493,2023-09-18 02:05:00+00:00,line_1,,2023-09-18,02:05:00
494,2023-09-18 02:10:00+00:00,line_1,,2023-09-18,02:10:00
495,2023-09-18 02:15:00+00:00,line_1,,2023-09-18,02:15:00
496,2023-09-18 02:20:00+00:00,line_1,,2023-09-18,02:20:00
497,2023-09-18 02:25:00+00:00,line_1,,2023-09-18,02:25:00
498,2023-09-18 02:30:00+00:00,line_1,,2023-09-18,02:30:00
499,2023-09-18 02:35:00+00:00,line_1,,2023-09-18,02:35:00
500,2023-09-18 02:40:00+00:00,line_1,,2023-09-18,02:40:00
501,2023-09-18 02:45:00+00:00,line_1,,2023-09-18,02:45:00
502,2023-09-18 02:50:00+00:00,line_1,,2023-09-18,02:50:00
503,2023-09-18 02:55:00+00:00,line_1,,2023-09-18,02:55:00
504,2023-09-18 03:00:00+00:00,line_1,,2023-09-18,03:00:00
505,2023-09-18 03:05:00+00:00,line_1,,2023-09-18,03:05:00
506,2023-09-18 03:10:00+00:00,line_1,,2023-09-18,03:10:00
507,2023-09-18 03:15:00+00:00,line_1,,2023-09-18,03:15:00
508,2023-09-18 03:20:00+00:00,line_1,,2023-09-18,03:20:00
509,2023-09-18 03:25:00+00:00,line_1,,2023-09-18,03:25:00
510,2023-09-18 03:30:00+00:00,line_1,,2023-09-18,03:30:00
511,2023-09-18 03:35:00+00:00,line_1,,2023-09-18,03:35:00
512,2023-09-18 03:40:00+00:00,line_1,,2023-09-18,03:40:00
513,2023-09-18 03:45:00+00:00,line_1,,2023-09-18,03:45:00
514,2023-09-18 03:50:00+00:00,line_1,,2023-09-18,03:50:00
515,2023-09-18 03:55:00+00:00,line_1,,2023-09-18,03:55:00
516,2023-09-18 04:00:00+00:00,line_1,,2023-09-18,04:00:00
517,2023-09-18 04:05:00+00:00,line_1,,2023-09-18,04:05:00
518,2023-09-18 04:10:00+00:00,line_1,,2023-09-18,04:10:00
519,2023-09-18 04:15:00+00:00,line_1,,2023-09-18,04:15:00
520,2023-09-18 04:20:00+00:00,line_1,,2023-09-18,04:20:00
521,2023-09-18 04:25:00+00:00,line_1,,2023-09-18,04:25:00
522,2023-09-18 04:30:00+00:00,line_1,,2023-09-18,04:30:00
523,2023-09-18 04:35:00+00:00,line_1,,2023-09-18,04:35:00
524,2023-09-18 04:40:00+00:00,line_1,,2023-09-18,04:40:00
525,2023-09-18 04:45:00+00:00,line_1,,2023-09-18,04:45:00
526,2023-09-18 04:50:00+00:00,line_1,,2023-09-18,04:50:00
527,2023-09-18 04:55:00+00:00,line_1,,2023-09-18,04:55:00
528,2023-09-18 05:00:00+00:00,line_1,,2023-09-18,05:00:00
529,2023-09-18 05:05:00+00:00,line_1,,2023-09-18,05:05:00
530,2023-09-18 05:10:00+00:00,line_1,,2023-09-18,05:10:00
531,2023-09-18 05:15:00+00:00,line_1,,2023-09-18,05:15:00
532,2023-09-18 05:20:00+00:00,line_1,,2023-09-18,05:20:00
533,2023-09-18 05:25:00+00:00,line_1,,2023-09-18,05:25:00
534,2023-09-18 05:30:00+00:00,line_1,,2023-09-18,05:30:00
535,2023-09-18 05:35:00+00:00,line_1,,2023-09-18,05:35:00
536,2023-09-18 05:40:00+00:00,line_1,,2023-09-18,05:40:00
537,2023-09-18 05:45:00+00:00,line_1,,2023-09-18,05:45:00
538,2023-09-18 05:50:00+00:00,line_1,,2023-09-18,05:50:00
539,2023-09-18 05:55:00+00:00,line_1,,2023-09-18,05:55:00
540,2023-09-18 06:00:00+00:00,line_1,,2023-09-18,06:00:00
541,2023-09-18 06:05:00+00:00,line_1,,2023-09-18,06:05:00
542,2023-09-18 06:10:00+00:00,line_1,,2023-09-18,06:10:00
543,2023-09-18 06:15:00+00:00,line_1,,2023-09-18,06:15:00
544,2023-09-18 06:20:00+00:00,line_1,,2023-09-18,06:20:00
545,2023-09-18 06:25:00+00:00,line_1,,2023-09-18,06:25:00
546,2023-09-18 06:30:00+00:00,line_1,,2023-09-18,06:30:00
547,2023-09-18 06:35:00+00:00,line_1,,2023-09-18,06:35:00
548,2023-09-18 06:40:00+00:00,line_1,,2023-09-18,06:40:00
549,2023-09-18 06:45:00+00:00,line_1,,2023-09-18,06:45:00
550,2023-09-18 06:50:00+00:00,line_1,,2023-09-18,06:50:00
551,2023-09-18 06:55:00+00:00,line_1,,2023-09-18,06:55:00
552,2023-09-18 07:00:00+00:00,line_1,,2023-09-18,07:00:00
553,2023-09-18 07:05:00+00:00,line_1,22.0,2023-09-18,07:05:00
554,2023-09-18 07:10:00+00:00,line_1,,2023-09-18,07:10:00
555,2023-09-18 07:15:00+00:00,line_1,,2023-09-18,07:15:00
556,2023-09-18 07:20:00+00:00,line_1,48.0,2023-09-18,07:20:00
557,2023-09-18 07:25:00+00:00,line_1,,2023-09-18,07:25:00
558,2023-09-18 07:30:00+00:00,line_1,,2023-09-18,07:30:00
559,2023-09-18 07:35:00+00:00,line_1,58.0,2023-09-18,07:35:00
560,2023-09-18 07:40:00+00:00,line_1,16.0,2023-09-18,07:40:00
561,2023-09-18 07:45:00+00:00,line_1,,2023-09-18,07:45:00
562,2023-09-18 07:50:00+00:00,line_1,,2023-09-18,07:50:00
563,2023-09-18 07:55:00+00:00,line_1,,2023-09-18,07:55:00
564,2023-09-18 08:00:00+00:00,line_1,,2023-09-18,08:00:00
565,2023-09-18 08:05:00+00:00,line_1,,2023-09-18,08:05:00
566,2023-09-18 08:10:00+00:00,line_1,,2023-09-18,08:10:00
567,2023-09-18 08:15:00+00:00,line_1,,2023-09-18,08:15:00
568,2023-09-18 08:20:00+00:00,line_1,,2023-09-18,08:20:00
569,2023-09-18 08:25:00+00:00,line_1,,2023-09-18,08:25:00
570,2023-09-18 08:30:00+00:00,line_1,,2023-09-18,08:30:00
571,2023-09-18 08:35:00+00:00,line_1,,2023-09-18,08:35:00
572,2023-09-18 08:40:00+00:00,line_1,,2023-09-18,08:40:00
573,2023-09-18 08:45:00+00:00,line_1,,2023-09-18,08:45:00
574,2023-09-18 08:50:00+00:00,line_1,,2023-09-18,08:50:00
575,2023-09-18 08:55:00+00:00,line_1,,2023-09-18,08:55:00
576,2023-09-18 09:00:00+00:00,line_1,,2023-09-18,09:00:00
577,2023-09-18 09:05:00+00:00,line_1,,2023-09-18,09:05:00
578,2023-09-18 09:10:00+00:00,line_1,,2023-09-18,09:10:00
579,2023-09-18 09:15:00+00:00,line_1,,2023-09-18,09:15:00
580,2023-09-18 09:20:00+00:00,line_1,,2023-09-18,09:20:00
581,2023-09-18 09:25:00+00:00,line_1,,2023-09-18,09:25:00
582,2023-09-18 09:30:00+00:00,line_1,,2023-09-18,09:30:00
583,2023-09-18 09:35:00+00:00,line_1,,2023-09-18,09:35:00
584,2023-09-18 09:40:00+00:00,line_1,,2023-09-18,09:40:00
585,2023-09-18 09:45:00+00:00,line_1,,2023-09-18,09:45:00
586,2023-09-18 09:50:00+00:00,line_1,,2023-09-18,09:50:00
587,2023-09-18 09:55:00+00:00,line_1,,2023-09-18,09:55:00
588,2023-09-18 10:00:00+00:00,line_1,,2023-09-18,10:00:00
589,2023-09-18 10:05:00+00:00,line_1,,2023-09-18,10:05:00
590,2023-09-18 10:10:00+00:00,line_1,,2023-09-18,10:10:00
591,2023-09-18 10:15:00+00:00,line_1,,2023-09-18,10:15:00
592,2023-09-18 10:20:00+00:00,line_1,,2023-09-18,10:20:00
593,2023-09-18 10:25:00+00:00,line_1,,2023-09-18,10:25:00
594,2023-09-18 10:30:00+00:00,line_1,,2023-09-18,10:30:00
595,2023-09-18 10:35:00+00:00,line_1,,2023-09-18,10:35:00
596,2023-09-18 10:40:00+00:00,line_1,,2023-09-18,10:40:00
597,2023-09-18 10:45:00+00:00,line_1,,2023-09-18,10:45:00
598,2023-09-18 10:50:00+00:00,line_1,,2023-09-18,10:50:00
599,2023-09-18 10:55:00+00:00,line_1,,2023-09-18,10:55:00
600,2023-09-18 11:00:00+00:00,line_1,,2023-09-18,11:00:00
601,2023-09-18 11:05:00+00:00,line_1,,2023-09-18,11:05:00
602,2023-09-18 11:10:00+00:00,line_1,,2023-09-18,11:10:00
603,2023-09-18 11:15:00+00:00,line_1,,2023-09-18,11:15:00
604,2023-09-18 11:20:00+00:00,line_1,,2023-09-18,11:20:00
605,2023-09-18 11:25:00+00:00,line_1,,2023-09-18,11:25:00
606,2023-09-18 11:30:00+00:00,line_1,,2023-09-18,11:30:00
607,2023-09-18 11:35:00+00:00,line_1,,2023-09-18,11:35:00
608,2023-09-18 11:40:00+00:00,line_1,,2023-09-18,11:40:00
609,2023-09-18 11:45:00+00:00,line_1,,2023-09-18,11:45:00
610,2023-09-18 11:50:00+00:00,line_1,,2023-09-18,11:50:00
611,2023-09-18 11:55:00+00:00,line_1,,2023-09-18,11:55:00
612,2023-09-18 12:00:00+00:00,line_1,,2023-09-18,12:00:00
613,2023-09-18 12:05:00+00:00,line_1,,2023-09-18,12:05:00
614,2023-09-18 12:10:00+00:00,line_1,,2023-09-18,12:10:00
615,2023-09-18 12:15:00+00:00,line_1,,2023-09-18,12:15:00
616,2023-09-18 12:20:00+00:00,line_1,,2023-09-18,12:20:00
617,2023-09-18 12:25:00+00:00,line_1,,2023-09-18,12:25:00
618,2023-09-18 12:30:00+00:00,line_1,,2023-09-18,12:30:00
619,2023-09-18 12:35:00+00:00,line_1,,2023-09-18,12:35:00
620,2023-09-18 12:40:00+00:00,line_1,,2023-09-18,12:40:00
621,2023-09-18 12:45:00+00:00,line_1,,2023-09-18,12:45:00
622,2023-09-18 12:50:00+00:00,line_1,,2023-09-18,12:50:00
623,2023-09-18 12:55:00+00:00,line_1,,2023-09-18,12:55:00
624,2023-09-18 13:00:00+00:00,line_1,,2023-09-18,13:00:00
625,2023-09-18 13:05:00+00:00,line_1,,2023-09-18,13:05:00
626,2023-09-18 13:10:00+00:00,line_1,,2023-09-18,13:10:00
627,2023-09-18 13:15:00+00:00,line_1,,2023-09-18,13:15:00
628,2023-09-18 13:20:00+00:00,line_1,,2023-09-18,13:20:00
629,2023-09-18 13:25:00+00:00,line_1,,2023-09-18,13:25:00
630,2023-09-18 13:30:00+00:00,line_1,,2023-09-18,13:30:00
631,2023-09-18 13:35:00+00:00,line_1,,2023-09-18,13:35:00
632,2023-09-18 13:40:00+00:00,line_1,,2023-09-18,13:40:00
633,2023-09-18 13:45:00+00:00,line_1,,2023-09-18,13:45:00
634,2023-09-18 13:50:00+00:00,line_1,,2023-09-18,13:50:00
635,2023-09-18 13:55:00+00:00,line_1,,2023-09-18,13:55:00
636,2023-09-18 14:00:00+00:00,line_1,,2023-09-18,14:00:00
637,2023-09-18 14:05:00+00:00,line_1,,2023-09-18,14:05:00
638,2023-09-18 14:10:00+00:00,line_1,,2023-09-18,14:10:00
639,2023-09-18 14:15:00+00:00,line_1,,2023-09-18,14:15:00
640,2023-09-18 14:20:00+00:00,line_1,,2023-09-18,14:20:00
641,2023-09-18 14:25:00+00:00,line_1,,2023-09-18,14:25:00
642,2023-09-18 14:30:00+00:00,line_1,,2023-09-18,14:30:00
643,2023-09-18 14:35:00+00:00,line_1,,2023-09-18,14:35:00
644,2023-09-18 14:40:00+00:00,line_1,,2023-09-18,14:40:00
645,2023-09-18 14:45:00+00:00,line_1,,2023-09-18,14:45:00
646,2023-09-18 14:50:00+00:00,line_1,,2023-09-18,14:50:00
647,2023-09-18 14:55:00+00:00,line_1,,2023-09-18,14:55:00
648,2023-09-18 15:00:00+00:00,line_1,,2023-09-18,15:00:00
649,2023-09-18 15:05:00+00:00,line_1,,2023-09-18,15:05:00
650,2023-09-18 15:10:00+00:00,line_1,,2023-09-18,15:10:00
651,2023-09-18 15:15:00+00:00,line_1,,2023-09-18,15:15:00
652,2023-09-18 15:20:00+00:00,line_1,,2023-09-18,15:20:00
653,2023-09-18 15:25:00+00:00,line_1,,2023-09-18,15:25:00
654,2023-09-18 15:30:00+00:00,line_1,,2023-09-18,15:30:00
655,2023-09-18 15:35:00+00:00,line_1,,2023-09-18,15:35:00
656,2023-09-18 15:40:00+00:00,line_1,,2023-09-18,15:40:00
657,2023-09-18 15:45:00+00:00,line_1,,2023-09-18,15:45:00
658,2023-09-18 15:50:00+00:00,line_1,,2023-09-18,15:50:00
659,2023-09-18 15:55:00+00:00,line_1,,2023-09-18,15:55:00
660,2023-09-18 16:00:00+00:00,line_1,,2023-09-18,16:00:00
661,2023-09-18 16:05:00+00:00,line_1,,2023-09-18,16:05:00
662,2023-09-18 16:10:00+00:00,line_1,,2023-09-18,16:10:00
663,2023-09-18 16:15:00+00:00,line_1,,2023-09-18,16:15:00
664,2023-09-18 16:20:00+00:00,line_1,,2023-09-18,16:20:00
665,2023-09-18 16:25:00+00:00,line_1,,2023-09-18,16:25:00
666,2023-09-18 16:30:00+00:00,line_1,,2023-09-18,16:30:00
667,2023-09-18 16:35:00+00:00,line_1,,2023-09-18,16:35:00
668,2023-09-18 16:40:00+00:00,line_1,,2023-09-18,16:40:00
669,2023-09-18 16:45:00+00:00,line_1,,2023-09-18,16:45:00
670,2023-09-18 16:50:00+00:00,line_1,,2023-09-18,16:50:00
671,2023-09-18 16:55:00+00:00,line_1,,2023-09-18,16:55:00
672,2023-09-18 17:00:00+00:00,line_1,,2023-09-18,17:00:00
673,2023-09-18 17:05:00+00:00,line_1,,2023-09-18,17:05:00
674,2023-09-18 17:10:00+00:00,line_1,,2023-09-18,17:10:00
675,2023-09-18 17:15:00+00:00,line_1,,2023-09-18,17:15:00
676,2023-09-18 17:20:00+00:00,line_1,,2023-09-18,17:20:00
677,2023-09-18 17:25:00+00:00,line_1,,2023-09-18,17:25:00
678,2023-09-18 17:30:00+00:00,line_1,,2023-09-18,17:30:00
679,2023-09-18 17:35:00+00:00,line_1,,2023-09-18,17:35:00
680,2023-09-18 17:40:00+00:00,line_1,,2023-09-18,17:40:00
681,2023-09-18 17:45:00+00:00,line_1,,2023-09-18,17:45:00
682,2023-09-18 17:50:00+00:00,line_1,,2023-09-18,17:50:00
683,2023-09-18 17:55:00+00:00,line_1,,2023-09-18,17:55:00
684,2023-09-18 18:00:00+00:00,line_1,,2023-09-18,18:00:00
685,2023-09-18 18:05:00+00:00,line_1,,2023-09-18,18:05:00
686,2023-09-18 18:10:00+00:00,line_1,,2023-09-18,18:10:00
687,2023-09-18 18:15:00+00:00,line_1,,2023-09-18,18:15:00
688,2023-09-18 18:20:00+00:00,line_1,,2023-09-18,18:20:00
689,2023-09-18 18:25:00+00:00,line_1,,2023-09-18,18:25:00
690,2023-09-18 18:30:00+00:00,line_1,,2023-09-18,18:30:00
691,2023-09-18 18:35:00+00:00,line_1,,2023-09-18,18:35:00
692,2023-09-18 18:40:00+00:00,line_1,,2023-09-18,18:40:00
693,2023-09-18 18:45:00+00:00,line_1,,2023-09-18,18:45:00
694,2023-09-18 18:50:00+00:00,line_1,,2023-09-18,18:50:00
695,2023-09-18 18:55:00+00:00,line_1,,2023-09-18,18:55:00
696,2023-09-18 19:00:00+00:00,line_1,,2023-09-18,19:00:00
697,2023-09-18 19:05:00+00:00,line_1,,2023-09-18,19:05:00
698,2023-09-18 19:10:00+00:00,line_1,,2023-09-18,19:10:00
699,2023-09-18 19:15:00+00:00,line_1,,2023-09-18,19:15:00
700,2023-09-18 19:20:00+00:00,line_1,,2023-09-18,19:20:00
701,2023-09-18 19:25:00+00:00,line_1,,2023-09-18,19:25:00
702,2023-09-18 19:30:00+00:00,line_1,,2023-09-18,19:30:00
703,2023-09-18 19:35:00+00:00,line_1,,2023-09-18,19:35:00
704,2023-09-18 19:40:00+00:00,line_1,,2023-09-18,19:40:00
705,2023-09-18 19:45:00+00:00,line_1,,2023-09-18,19:45:00
706,2023-09-18 19:50:00+00:00,line_1,,2023-09-18,19:50:00
707,2023-09-18 19:55:00+00:00,line_1,,2023-09-18,19:55:00
708,2023-09-18 20:00:00+00:00,line_1,,2023-09-18,20:00:00
709,2023-09-18 20:05:00+00:00,line_1,,2023-09-18,20:05:00
710,2023-09-18 20:10:00+00:00,line_1,,2023-09-18,20:10:00
711,2023-09-18 20:15:00+00:00,line_1,,2023-09-18,20:15:00
712,2023-09-18 20:20:00+00:00,line_1,,2023-09-18,20:20:00
713,2023-09-18 20:25:00+00:00,line_1,,2023-09-18,20:25:00
714,2023-09-18 20:30:00+00:00,line_1,,2023-09-18,20:30:00
715,2023-09-18 20:35:00+00:00,line_1,,2023-09-18,20:35:00
716,2023-09-18 20:40:00+00:00,line_1,,2023-09-18,20:40:00
717,2023-09-18 20:45:00+00:00,line_1,,2023-09-18,20:45:00
718,2023-09-18 20:50:00+00:00,line_1,,2023-09-18,20:50:00
719,2023-09-18 20:55:00+00:00,line_1,,2023-09-18,20:55:00
720,2023-09-18 21:00:00+00:00,line_1,,2023-09-18,21:00:00
721,2023-09-18 21:05:00+00:00,line_1,,2023-09-18,21:05:00
722,2023-09-18 21:10:00+00:00,line_1,,2023-09-18,21:10:00
723,2023-09-18 21:15:00+00:00,line_1,,2023-09-18,21:15:00
724,2023-09-18 21:20:00+00:00,line_1,,2023-09-18,21:20:00
725,2023-09-18 21:25:00+00:00,line_1,,2023-09-18,21:25:00
726,2023-09-18 21:30:00+00:00,line_1,,2023-09-18,21:30:00
727,2023-09-18 21:35:00+00:00,line_1,,2023-09-18,21:35:00
728,2023-09-18 21:40:00+00:00,line_1,,2023-09-18,21:40:00
729,2023-09-18 21:45:00+00:00,line_1,,2023-09-18,21:45:00
730,2023-09-18 21:50:00+00:00,line_1,,2023-09-18,21:50:00
731,2023-09-18 21:55:00+00:00,line_1,,2023-09-18,21:55:00
732,2023-09-18 22:00:00+00:00,line_1,,2023-09-18,22:00:00
733,2023-09-18 22:05:00+00:00,line_1,,2023-09-18,22:05:00
734,2023-09-18 22:10:00+00:00,line_1,,2023-09-18,22:10:00
735,2023-09-18 22:15:00+00:00,line_1,,2023-09-18,22:15:00
736,2023-09-18 22:20:00+00:00,line_1,,2023-09-18,22:20:00
737,2023-09-18 22:25:00+00:00,line_1,,2023-09-18,22:25:00
738,2023-09-18 22:30:00+00:00,line_1,,2023-09-18,22:30:00
739,2023-09-18 22:35:00+00:00,line_1,,2023-09-18,22:35:00
740,2023-09-18 22:40:00+00:00,line_1,,2023-09-18,22:40:00
741,2023-09-18 22:45:00+00:00,line_1,,2023-09-18,22:45:00
742,2023-09-18 22:50:00+00:00,line_1,,2023-09-18,22:50:00
743,2023-09-18 22:55:00+00:00,line_1,,2023-09-18,22:55:00
744,2023-09-18 23:00:00+00:00,line_1,,2023-09-18,23:00:00
745,2023-09-18 23:05:00+00:00,line_1,,2023-09-18,23:05:00
746,2023-09-18 23:10:00+00:00,line_1,,2023-09-18,23:10:00
747,2023-09-18 23:15:00+00:00,line_1,,2023-09-18,23:15:00
748,2023-09-18 23:20:00+00:00,line_1,,2023-09-18,23:20:00
749,2023-09-18 23:25:00+00:00,line_1,,2023-09-18,23:25:00
750,2023-09-18 23:30:00+00:00,line_1,,2023-09-18,23:30:00
751,2023-09-18 23:35:00+00:00,line_1,,2023-09-18,23:35:00
752,2023-09-18 23:40:00+00:00,line_1,,2023-09-18,23:40:00
753,2023-09-18 23:45:00+00:00,line_1,,2023-09-18,23:45:00
754,2023-09-18 23:50:00+00:00,line_1,,2023-09-18,23:50:00
755,2023-09-18 23:55:00+00:00,line_1,,2023-09-18,23:55:00
756,2023-09-19 00:00:00+00:00,line_1,,2023-09-19,00:00:00
757,2023-09-19 00:05:00+00:00,line_1,,2023-09-19,00:05:00
758,2023-09-19 00:10:00+00:00,line_1,,2023-09-19,00:10:00
759,2023-09-19 00:15:00+00:00,line_1,,2023-09-19,00:15:00
760,2023-09-19 00:20:00+00:00,line_1,,2023-09-19,00:20:00
761,2023-09-19 00:25:00+00:00,line_1,,2023-09-19,00:25:00
762,2023-09-19 00:30:00+00:00,line_1,,2023-09-19,00:30:00
763,2023-09-19 00:35:00+00:00,line_1,,2023-09-19,00:35:00
764,2023-09-19 00:40:00+00:00,line_1,,2023-09-19,00:40:00
765,2023-09-19 00:45:00+00:00,line_1,,2023-09-19,00:45:00
766,2023-09-19 00:50:00+00:00,line_1,,2023-09-19,00:50:00
767,2023-09-19 00:55:00+00:00,line_1,,2023-09-19,00:55:00
768,2023-09-19 01:00:00+00:00,line_1,,2023-09-19,01:00:00
769,2023-09-19 01:05:00+00:00,line_1,,2023-09-19,01:05:00
770,2023-09-19 01:10:00+00:00,line_1,,2023-09-19,01:10:00
771,2023-09-19 01:15:00+00:00,line_1,,2023-09-19,01:15:00
772,2023-09-19 01:20:00+00:00,line_1,,2023-09-19,01:20:00
773,2023-09-19 01:25:00+00:00,line_1,,2023-09-19,01:25:00
774,2023-09-19 01:30:00+00:00,line_1,,2023-09-19,01:30:00
775,2023-09-19 01:35:00+00:00,line_1,,2023-09-19,01:35:00
776,2023-09-19 01:40:00+00:00,line_1,,2023-09-19,01:40:00
777,2023-09-19 01:45:00+00:00,line_1,,2023-09-19,01:45:00
778,2023-09-19 01:50:00+00:00,line_1,,2023-09-19,01:50:00
779,2023-09-19 01:55:00+00:00,line_1,,2023-09-19,01:55:00
780,2023-09-19 02:00:00+00:00,line_1,,2023-09-19,02:00:00
781,2023-09-19 02:05:00+00:00,line_1,,2023-09-19,02:05:00
782,2023-09-19 02:10:00+00:00,line_1,,2023-09-19,02:10:00
783,2023-09-19 02:15:00+00:00,line_1,,2023-09-19,02:15:00
784,2023-09-19 02:20:00+00:00,line_1,,2023-09-19,02:20:00
785,2023-09-19 02:25:00+00:00,line_1,,2023-09-19,02:25:00
786,2023-09-19 02:30:00+00:00,line_1,,2023-09-19,02:30:00
787,2023-09-19 02:35:00+00:00,line_1,,2023-09-19,02:35:00
788,2023-09-19 02:40:00+00:00,line_1,,2023-09-19,02:40:00
789,2023-09-19 02:45:00+00:00,line_1,,2023-09-19,02:45:00
790,2023-09-19 02:50:00+00:00,line_1,,2023-09-19,02:50:00
791,2023-09-19 02:55:00+00:00,line_1,,2023-09-19,02:55:00
792,2023-09-19 03:00:00+00:00,line_1,,2023-09-19,03:00:00
793,2023-09-19 03:05:00+00:00,line_1,,2023-09-19,03:05:00
794,2023-09-19 03:10:00+00:00,line_1,,2023-09-19,03:10:00
795,2023-09-19 03:15:00+00:00,line_1,,2023-09-19,03:15:00
796,2023-09-19 03:20:00+00:00,line_1,,2023-09-19,03:20:00
797,2023-09-19 03:25:00+00:00,line_1,,2023-09-19,03:25:00
798,2023-09-19 03:30:00+00:00,line_1,,2023-09-19,03:30:00
799,2023-09-19 03:35:00+00:00,line_1,,2023-09-19,03:35:00
800,2023-09-19 03:40:00+00:00,line_1,,2023-09-19,03:40:00
801,2023-09-19 03:45:00+00:00,line_1,,2023-09-19,03:45:00
802,2023-09-19 03:50:00+00:00,line_1,,2023-09-19,03:50:00
803,2023-09-19 03:55:00+00:00,line_1,,2023-09-19,03:55:00
804,2023-09-19 04:00:00+00:00,line_1,,2023-09-19,04:00:00
805,2023-09-19 04:05:00+00:00,line_1,,2023-09-19,04:05:00
806,2023-09-19 04:10:00+00:00,line_1,,2023-09-19,04:10:00
807,2023-09-19 04:15:00+00:00,line_1,,2023-09-19,04:15:00
808,2023-09-19 04:20:00+00:00,line_1,,2023-09-19,04:20:00
809,2023-09-19 04:25:00+00:00,line_1,,2023-09-19,04:25:00
810,2023-09-19 04:30:00+00:00,line_1,,2023-09-19,04:30:00
811,2023-09-19 04:35:00+00:00,line_1,,2023-09-19,04:35:00
812,2023-09-19 04:40:00+00:00,line_1,,2023-09-19,04:40:00
813,2023-09-19 04:45:00+00:00,line_1,,2023-09-19,04:45:00
814,2023-09-19 04:50:00+00:00,line_1,,2023-09-19,04:50:00
815,2023-09-19 04:55:00+00:00,line_1,,2023-09-19,04:55:00
816,2023-09-19 05:00:00+00:00,line_1,,2023-09-19,05:00:00
817,2023-09-19 05:05:00+00:00,line_1,,2023-09-19,05:05:00
818,2023-09-19 05:10:00+00:00,line_1,,2023-09-19,05:10:00
819,2023-09-19 05:15:00+00:00,line_1,,2023-09-19,05:15:00
820,2023-09-19 05:20:00+00:00,line_1,,2023-09-19,05:20:00
821,2023-09-19 05:25:00+00:00,line_1,,2023-09-19,05:25:00
822,2023-09-19 05:30:00+00:00,line_1,,2023-09-19,05:30:00
823,2023-09-19 05:35:00+00:00,line_1,,2023-09-19,05:35:00
824,2023-09-19 05:40:00+00:00,line_1,,2023-09-19,05:40:00
825,2023-09-19 05:45:00+00:00,line_1,,2023-09-19,05:45:00
826,2023-09-19 05:50:00+00:00,line_1,,2023-09-19,05:50:00
827,2023-09-19 05:55:00+00:00,line_1,,2023-09-19,05:55:00
828,2023-09-19 06:00:00+00:00,line_1,,2023-09-19,06:00:00
829,2023-09-19 06:05:00+00:00,line_1,,2023-09-19,06:05:00
830,2023-09-19 06:10:00+00:00,line_1,,2023-09-19,06:10:00
831,2023-09-19 06:15:00+00:00,line_1,,2023-09-19,06:15:00
832,2023-09-19 06:20:00+00:00,line_1,,2023-09-19,06:20:00
833,2023-09-19 06:25:00+00:00,line_1,,2023-09-19,06:25:00
834,2023-09-19 06:30:00+00:00,line_1,,2023-09-19,06:30:00
835,2023-09-19 06:35:00+00:00,line_1,,2023-09-19,06:35:00
836,2023-09-19 06:40:00+00:00,line_1,,2023-09-19,06:40:00
837,2023-09-19 06:45:00+00:00,line_1,,2023-09-19,06:45:00
838,2023-09-19 06:50:00+00:00,line_1,,2023-09-19,06:50:00
839,2023-09-19 06:55:00+00:00,line_1,,2023-09-19,06:55:00
840,2023-09-19 07:00:00+00:00,line_1,,2023-09-19,07:00:00
841,2023-09-19 07:05:00+00:00,line_1,,2023-09-19,07:05:00
842,2023-09-19 07:10:00+00:00,line_1,,2023-09-19,07:10:00
843,2023-09-19 07:15:00+00:00,line_1,,2023-09-19,07:15:00
844,2023-09-19 07:20:00+00:00,line_1,,2023-09-19,07:20:00
845,2023-09-19 07:25:00+00:00,line_1,,2023-09-19,07:25:00
846,2023-09-19 07:30:00+00:00,line_1,,2023-09-19,07:30:00
847,2023-09-19 07:35:00+00:00,line_1,,2023-09-19,07:35:00
848,2023-09-19 07:40:00+00:00,line_1,,2023-09-19,07:40:00
849,2023-09-19 07:45:00+00:00,line_1,,2023-09-19,07:45:00
850,2023-09-19 07:50:00+00:00,line_1,,2023-09-19,07:50:00
851,2023-09-19 07:55:00+00:00,line_1,,2023-09-19,07:55:00
852,2023-09-19 08:00:00+00:00,line_1,,2023-09-19,08:00:00
853,2023-09-19 08:05:00+00:00,line_1,,2023-09-19,08:05:00
854,2023-09-19 08:10:00+00:00,line_1,,2023-09-19,08:10:00
855,2023-09-19 08:15:00+00:00,line_1,,2023-09-19,08:15:00
856,2023-09-19 08:20:00+00:00,line_1,,2023-09-19,08:20:00
857,2023-09-19 08:25:00+00:00,line_1,,2023-09-19,08:25:00
858,2023-09-19 08:30:00+00:00,line_1,,2023-09-19,08:30:00
859,2023-09-19 08:35:00+00:00,line_1,,2023-09-19,08:35:00
860,2023-09-19 08:40:00+00:00,line_1,,2023-09-19,08:40:00
861,2023-09-19 08:45:00+00:00,line_1,,2023-09-19,08:45:00
862,2023-09-19 08:50:00+00:00,line_1,,2023-09-19,08:50:00
863,2023-09-19 08:55:00+00:00,line_1,,2023-09-19,08:55:00
864,2023-09-19 09:00:00+00:00,line_1,,2023-09-19,09:00:00
865,2023-09-19 09:05:00+00:00,line_1,,2023-09-19,09:05:00
866,2023-09-19 09:10:00+00:00,line_1,,2023-09-19,09:10:00
867,2023-09-19 09:15:00+00:00,line_1,,2023-09-19,09:15:00
868,2023-09-19 09:20:00+00:00,line_1,,2023-09-19,09:20:00
869,2023-09-19 09:25:00+00:00,line_1,,2023-09-19,09:25:00
870,2023-09-19 09:30:00+00:00,line_1,,2023-09-19,09:30:00
871,2023-09-19 09:35:00+00:00,line_1,,2023-09-19,09:35:00
872,2023-09-19 09:40:00+00:00,line_1,,2023-09-19,09:40:00
873,2023-09-19 09:45:00+00:00,line_1,,2023-09-19,09:45:00
874,2023-09-19 09:50:00+00:00,line_1,,2023-09-19,09:50:00
875,2023-09-19 09:55:00+00:00,line_1,,2023-09-19,09:55:00
876,2023-09-19 10:00:00+00:00,line_1,,2023-09-19,10:00:00
877,2023-09-19 10:05:00+00:00,line_1,,2023-09-19,10:05:00
878,2023-09-19 10:10:00+00:00,line_1,,2023-09-19,10:10:00
879,2023-09-19 10:15:00+00:00,line_1,,2023-09-19,10:15:00
880,2023-09-19 10:20:00+00:00,line_1,,2023-09-19,10:20:00
881,2023-09-19 10:25:00+00:00,line_1,,2023-09-19,10:25:00
882,2023-09-19 10:30:00+00:00,line_1,,2023-09-19,10:30:00
883,2023-09-19 10:35:00+00:00,line_1,,2023-09-19,10:35:00
884,2023-09-19 10:40:00+00:00,line_1,,2023-09-19,10:40:00
885,2023-09-19 10:45:00+00:00,line_1,,2023-09-19,10:45:00
886,2023-09-19 10:50:00+00:00,line_1,,2023-09-19,10:50:00
887,2023-09-19 10:55:00+00:00,line_1,,2023-09-19,10:55:00
888,2023-09-19 11:00:00+00:00,line_1,,2023-09-19,11:00:00
889,2023-09-19 11:05:00+00:00,line_1,,2023-09-19,11:05:00
890,2023-09-19 11:10:00+00:00,line_1,,2023-09-19,11:10:00
891,2023-09-19 11:15:00+00:00,line_1,,2023-09-19,11:15:00
892,2023-09-19 11:20:00+00:00,line_1,,2023-09-19,11:20:00
893,2023-09-19 11:25:00+00:00,line_1,,2023-09-19,11:25:00
894,2023-09-19 11:30:00+00:00,line_1,,2023-09-19,11:30:00
895,2023-09-19 11:35:00+00:00,line_1,,2023-09-19,11:35:00
896,2023-09-19 11:40:00+00:00,line_1,,2023-09-19,11:40:00
897,2023-09-19 11:45:00+00:00,line_1,,2023-09-19,11:45:00
898,2023-09-19 11:50:00+00:00,line_1,,2023-09-19,11:50:00
899,2023-09-19 11:55:00+00:00,line_1,,2023-09-19,11:55:00
900,2023-09-19 12:00:00+00:00,line_1,,2023-09-19,12:00:00
901,2023-09-19 12:05:00+00:00,line_1,,2023-09-19,12:05:00
902,2023-09-19 12:10:00+00:00,line_1,,2023-09-19,12:10:00
903,2023-09-19 12:15:00+00:00,line_1,,2023-09-19,12:15:00
904,2023-09-19 12:20:00+00:00,line_1,,2023-09-19,12:20:00
905,2023-09-19 12:25:00+00:00,line_1,,2023-09-19,12:25:00
906,2023-09-19 12:30:00+00:00,line_1,,2023-09-19,12:30:00
907,2023-09-19 12:35:00+00:00,line_1,,2023-09-19,12:35:00
908,2023-09-19 12:40:00+00:00,line_1,,2023-09-19,12:40:00
909,2023-09-19 12:45:00+00:00,line_1,,2023-09-19,12:45:00
910,2023-09-19 12:50:00+00:00,line_1,,2023-09-19,12:50:00
911,2023-09-19 12:55:00+00:00,line_1,,2023-09-19,12:55:00
912,2023-09-19 13:00:00+00:00,line_1,,2023-09-19,13:00:00
913,2023-09-19 13:05:00+00:00,line_1,,2023-09-19,13:05:00
914,2023-09-19 13:10:00+00:00,line_1,,2023-09-19,13:10:00
915,2023-09-19 13:15:00+00:00,line_1,,2023-09-19,13:15:00
916,2023-09-19 13:20:00+00:00,line_1,,2023-09-19,13:20:00
917,2023-09-19 13:25:00+00:00,line_1,,2023-09-19,13:25:00
918,2023-09-19 13:30:00+00:00,line_1,,2023-09-19,13:30:00
919,2023-09-19 13:35:00+00:00,line_1,,2023-09-19,13:35:00
920,2023-09-19 13:40:00+00:00,line_1,,2023-09-19,13:40:00
921,2023-09-19 13:45:00+00:00,line_1,,2023-09-19,13:45:00
922,2023-09-19 13:50:00+00:00,line_1,,2023-09-19,13:50:00
923,2023-09-19 13:55:00+00:00,line_1,,2023-09-19,13:55:00
924,2023-09-19 14:00:00+00:00,line_1,,2023-09-19,14:00:00
925,2023-09-19 14:05:00+00:00,line_1,,2023-09-19,14:05:00
926,2023-09-19 14:10:00+00:00,line_1,,2023-09-19,14:10:00
927,2023-09-19 14:15:00+00:00,line_1,,2023-09-19,14:15:00
928,2023-09-19 14:20:00+00:00,line_1,,2023-09-19,14:20:00
929,2023-09-19 14:25:00+00:00,line_1,,2023-09-19,14:25:00
930,2023-09-19 14:30:00+00:00,line_1,,2023-09-19,14:30:00
931,2023-09-19 14:35:00+00:00,line_1,,2023-09-19,14:35:00
932,2023-09-19 14:40:00+00:00,line_1,,2023-09-19,14:40:00
933,2023-09-19 14:45:00+00:00,line_1,,2023-09-19,14:45:00
934,2023-09-19 14:50:00+00:00,line_1,,2023-09-19,14:50:00
935,2023-09-19 14:55:00+00:00,line_1,,2023-09-19,14:55:00
936,2023-09-19 15:00:00+00:00,line_1,,2023-09-19,15:00:00
937,2023-09-19 15:05:00+00:00,line_1,,2023-09-19,15:05:00
938,2023-09-19 15:10:00+00:00,line_1,,2023-09-19,15:10:00
939,2023-09-19 15:15:00+00:00,line_1,,2023-09-19,15:15:00
940,2023-09-19 15:20:00+00:00,line_1,,2023-09-19,15:20:00
941,2023-09-19 15:25:00+00:00,line_1,,2023-09-19,15:25:00
942,2023-09-19 15:30:00+00:00,line_1,,2023-09-19,15:30:00
943,2023-09-19 15:35:00+00:00,line_1,,2023-09-19,15:35:00
944,2023-09-19 15:40:00+00:00,line_1,,2023-09-19,15:40:00
945,2023-09-19 15:45:00+00:00,line_1,,2023-09-19,15:45:00
946,2023-09-19 15:50:00+00:00,line_1,,2023-09-19,15:50:00
947,2023-09-19 15:55:00+00:00,line_1,,2023-09-19,15:55:00
948,2023-09-19 16:00:00+00:00,line_1,,2023-09-19,16:00:00
949,2023-09-19 16:05:00+00:00,line_1,,2023-09-19,16:05:00
950,2023-09-19 16:10:00+00:00,line_1,,2023-09-19,16:10:00
951,2023-09-19 16:15:00+00:00,line_1,,2023-09-19,16:15:00
952,2023-09-19 16:20:00+00:00,line_1,,2023-09-19,16:20:00
953,2023-09-19 16:25:00+00:00,line_1,,2023-09-19,16:25:00
954,2023-09-19 16:30:00+00:00,line_1,,2023-09-19,16:30:00
955,2023-09-19 16:35:00+00:00,line_1,,2023-09-19,16:35:00
956,2023-09-19 16:40:00+00:00,line_1,,2023-09-19,16:40:00
957,2023-09-19 16:45:00+00:00,line_1,,2023-09-19,16:45:00
958,2023-09-19 16:50:00+00:00,line_1,,2023-09-19,16:50:00
959,2023-09-19 16:55:00+00:00,line_1,,2023-09-19,16:55:00
960,2023-09-19 17:00:00+00:00,line_1,,2023-09-19,17:00:00
961,2023-09-19 17:05:00+00:00,line_1,,2023-09-19,17:05:00
962,2023-09-19 17:10:00+00:00,line_1,,2023-09-19,17:10:00
963,2023-09-19 17:15:00+00:00,line_1,,2023-09-19,17:15:00
964,2023-09-19 17:20:00+00:00,line_1,,2023-09-19,17:20:00
965,2023-09-19 17:25:00+00:00,line_1,,2023-09-19,17:25:00
966,2023-09-19 17:30:00+00:00,line_1,,2023-09-19,17:30:00
967,2023-09-19 17:35:00+00:00,line_1,,2023-09-19,17:35:00
968,2023-09-19 17:40:00+00:00,line_1,,2023-09-19,17:40:00
969,2023-09-19 17:45:00+00:00,line_1,,2023-09-19,17:45:00
970,2023-09-19 17:50:00+00:00,line_1,,2023-09-19,17:50:00
971,2023-09-19 17:55:00+00:00,line_1,,2023-09-19,17:55:00
972,2023-09-19 18:00:00+00:00,line_1,,2023-09-19,18:00:00
973,2023-09-19 18:05:00+00:00,line_1,,2023-09-19,18:05:00
974,2023-09-19 18:10:00+00:00,line_1,,2023-09-19,18:10:00
975,2023-09-19 18:15:00+00:00,line_1,,2023-09-19,18:15:00
976,2023-09-19 18:20:00+00:00,line_1,,2023-09-19,18:20:00
977,2023-09-19 18:25:00+00:00,line_1,,2023-09-19,18:25:00
978,2023-09-19 18:30:00+00:00,line_1,,2023-09-19,18:30:00
979,2023-09-19 18:35:00+00:00,line_1,,2023-09-19,18:35:00
980,2023-09-19 18:40:00+00:00,line_1,,2023-09-19,18:40:00
981,2023-09-19 18:45:00+00:00,line_1,,2023-09-19,18:45:00
982,2023-09-19 18:50:00+00:00,line_1,,2023-09-19,18:50:00
983,2023-09-19 18:55:00+00:00,line_1,,2023-09-19,18:55:00
984,2023-09-19 19:00:00+00:00,line_1,,2023-09-19,19:00:00
985,2023-09-19 19:05:00+00:00,line_1,,2023-09-19,19:05:00
986,2023-09-19 19:10:00+00:00,line_1,,2023-09-19,19:10:00
987,2023-09-19 19:15:00+00:00,line_1,,2023-09-19,19:15:00
988,2023-09-19 19:20:00+00:00,line_1,,2023-09-19,19:20:00
989,2023-09-19 19:25:00+00:00,line_1,,2023-09-19,19:25:00
990,2023-09-19 19:30:00+00:00,line_1,,2023-09-19,19:30:00
991,2023-09-19 19:35:00+00:00,line_1,,2023-09-19,19:35:00
992,2023-09-19 19:40:00+00:00,line_1,,2023-09-19,19:40:00
993,2023-09-19 19:45:00+00:00,line_1,,2023-09-19,19:45:00
994,2023-09-19 19:50:00+00:00,line_1,,2023-09-19,19:50:00
995,2023-09-19 19:55:00+00:00,line_1,,2023-09-19,19:55:00
996,2023-09-19 20:00:00+00:00,line_1,,2023-09-19,20:00:00
997,2023-09-19 20:05:00+00:00,line_1,,2023-09-19,20:05:00
998,2023-09-19 20:10:00+00:00,line_1,,2023-09-19,20:10:00
999,2023-09-19 20:15:00+00:00,line_1,,2023-09-19,20:15:00
1000,2023-09-19 20:20:00+00:00,line_1,,2023-09-19,20:20:00
1001,2023-09-19 20:25:00+00:00,line_1,,2023-09-19,20:25:00
1002,2023-09-19 20:30:00+00:00,line_1,,2023-09-19,20:30:00
1003,2023-09-19 20:35:00+00:00,line_1,,2023-09-19,20:35:00
1004,2023-09-19 20:40:00+00:00,line_1,,2023-09-19,20:40:00
1005,2023-09-19 20:45:00+00:00,line_1,,2023-09-19,20:45:00
1006,2023-09-19 20:50:00+00:00,line_1,,2023-09-19,20:50:00
1007,2023-09-19 20:55:00+00:00,line_1,,2023-09-19,20:55:00
1008,2023-09-19 21:00:00+00:00,line_1,,2023-09-19,21:00:00
1009,2023-09-19 21:05:00+00:00,line_1,,2023-09-19,21:05:00
1010,2023-09-19 21:10:00+00:00,line_1,,2023-09-19,21:10:00
1011,2023-09-19 21:15:00+00:00,line_1,,2023-09-19,21:15:00
1012,2023-09-19 21:20:00+00:00,line_1,,2023-09-19,21:20:00
1013,2023-09-19 21:25:00+00:00,line_1,,2023-09-19,21:25:00
1014,2023-09-19 21:30:00+00:00,line_1,,2023-09-19,21:30:00
1015,2023-09-19 21:35:00+00:00,line_1,,2023-09-19,21:35:00
1016,2023-09-19 21:40:00+00:00,line_1,,2023-09-19,21:40:00
1017,2023-09-19 21:45:00+00:00,line_1,,2023-09-19,21:45:00
1018,2023-09-19 21:50:00+00:00,line_1,,2023-09-19,21:50:00
1019,2023-09-19 21:55:00+00:00,line_1,,2023-09-19,21:55:00
1020,2023-09-19 22:00:00+00:00,line_1,,2023-09-19,22:00:00
1021,2023-09-19 22:05:00+00:00,line_1,,2023-09-19,22:05:00
1022,2023-09-19 22:10:00+00:00,line_1,,2023-09-19,22:10:00
1023,2023-09-19 22:15:00+00:00,line_1,,2023-09-19,22:15:00
1024,2023-09-19 22:20:00+00:00,line_1,,2023-09-19,22:20:00
1025,2023-09-19 22:25:00+00:00,line_1,,2023-09-19,22:25:00
1026,2023-09-19 22:30:00+00:00,line_1,,2023-09-19,22:30:00
1027,2023-09-19 22:35:00+00:00,line_1,,2023-09-19,22:35:00
1028,2023-09-19 22:40:00+00:00,line_1,,2023-09-19,22:40:00
1029,2023-09-19 22:45:00+00:00,line_1,,2023-09-19,22:45:00
1030,2023-09-19 22:50:00+00:00,line_1,,2023-09-19,22:50:00
1031,2023-09-19 22:55:00+00:00,line_1,,2023-09-19,22:55:00
1032,2023-09-19 23:00:00+00:00,line_1,,2023-09-19,23:00:00
1033,2023-09-19 23:05:00+00:00,line_1,,2023-09-19,23:05:00
1034,2023-09-19 23:10:00+00:00,line_1,,2023-09-19,23:10:00
1035,2023-09-19 23:15:00+00:00,line_1,,2023-09-19,23:15:00
1036,2023-09-19 23:20:00+00:00,line_1,,2023-09-19,23:20:00
1037,2023-09-19 23:25:00+00:00,line_1,,2023-09-19,23:25:00
1038,2023-09-19 23:30:00+00:00,line_1,,2023-09-19,23:30:00
1039,2023-09-19 23:35:00+00:00,line_1,,2023-09-19,23:35:00
1040,2023-09-19 23:40:00+00:00,line_1,,2023-09-19,23:40:00
1041,2023-09-19 23:45:00+00:00,line_1,,2023-09-19,23:45:00
1042,2023-09-19 23:50:00+00:00,line_1,,2023-09-19,23:50:00
1043,2023-09-19 23:55:00+00:00,line_1,,2023-09-19,23:55:00
1044,2023-09-20 00:00:00+00:00,line_1,,2023-09-20,00:00:00
1045,2023-09-20 00:05:00+00:00,line_1,,2023-09-20,00:05:00
1046,2023-09-20 00:10:00+00:00,line_1,,2023-09-20,00:10:00
1047,2023-09-20 00:15:00+00:00,line_1,,2023-09-20,00:15:00
1048,2023-09-20 00:20:00+00:00,line_1,,2023-09-20,00:20:00
1049,2023-09-20 00:25:00+00:00,line_1,,2023-09-20,00:25:00
1050,2023-09-20 00:30:00+00:00,line_1,,2023-09-20,00:30:00
1051,2023-09-20 00:35:00+00:00,line_1,,2023-09-20,00:35:00
1052,2023-09-20 00:40:00+00:00,line_1,,2023-09-20,00:40:00
1053,2023-09-20 00:45:00+00:00,line_1,,2023-09-20,00:45:00
1054,2023-09-20 00:50:00+00:00,line_1,,2023-09-20,00:50:00
1055,2023-09-20 00:55:00+00:00,line_1,,2023-09-20,00:55:00
1056,2023-09-20 01:00:00+00:00,line_1,,2023-09-20,01:00:00
1057,2023-09-20 01:05:00+00:00,line_1,,2023-09-20,01:05:00
1058,2023-09-20 01:10:00+00:00,line_1,,2023-09-20,01:10:00
1059,2023-09-20 01:15:00+00:00,line_1,,2023-09-20,01:15:00
1060,2023-09-20 01:20:00+00:00,line_1,,2023-09-20,01:20:00
1061,2023-09-20 01:25:00+00:00,line_1,,2023-09-20,01:25:00
1062,2023-09-20 01:30:00+00:00,line_1,,2023-09-20,01:30:00
1063,2023-09-20 01:35:00+00:00,line_1,,2023-09-20,01:35:00
1064,2023-09-20 01:40:00+00:00,line_1,,2023-09-20,01:40:00
1065,2023-09-20 01:45:00+00:00,line_1,,2023-09-20,01:45:00
1066,2023-09-20 01:50:00+00:00,line_1,,2023-09-20,01:50:00
1067,2023-09-20 01:55:00+00:00,line_1,,2023-09-20,01:55:00
1068,2023-09-20 02:00:00+00:00,line_1,,2023-09-20,02:00:00
1069,2023-09-20 02:05:00+00:00,line_1,,2023-09-20,02:05:00
1070,2023-09-20 02:10:00+00:00,line_1,,2023-09-20,02:10:00
1071,2023-09-20 02:15:00+00:00,line_1,,2023-09-20,02:15:00
1072,2023-09-20 02:20:00+00:00,line_1,,2023-09-20,02:20:00
1073,2023-09-20 02:25:00+00:00,line_1,,2023-09-20,02:25:00
1074,2023-09-20 02:30:00+00:00,line_1,,2023-09-20,02:30:00
1075,2023-09-20 02:35:00+00:00,line_1,,2023-09-20,02:35:00
1076,2023-09-20 02:40:00+00:00,line_1,,2023-09-20,02:40:00
1077,2023-09-20 02:45:00+00:00,line_1,,2023-09-20,02:45:00
1078,2023-09-20 02:50:00+00:00,line_1,,2023-09-20,02:50:00
1079,2023-09-20 02:55:00+00:00,line_1,,2023-09-20,02:55:00
1080,2023-09-20 03:00:00+00:00,line_1,,2023-09-20,03:00:00
1081,2023-09-20 03:05:00+00:00,line_1,,2023-09-20,03:05:00
1082,2023-09-20 03:10:00+00:00,line_1,,2023-09-20,03:10:00
1083,2023-09-20 03:15:00+00:00,line_1,,2023-09-20,03:15:00
1084,2023-09-20 03:20:00+00:00,line_1,,2023-09-20,03:20:00
1085,2023-09-20 03:25:00+00:00,line_1,,2023-09-20,03:25:00
1086,2023-09-20 03:30:00+00:00,line_1,,2023-09-20,03:30:00
1087,2023-09-20 03:35:00+00:00,line_1,,2023-09-20,03:35:00
1088,2023-09-20 03:40:00+00:00,line_1,,2023-09-20,03:40:00
1089,2023-09-20 03:45:00+00:00,line_1,,2023-09-20,03:45:00
1090,2023-09-20 03:50:00+00:00,line_1,,2023-09-20,03:50:00
1091,2023-09-20 03:55:00+00:00,line_1,,2023-09-20,03:55:00
1092,2023-09-20 04:00:00+00:00,line_1,,2023-09-20,04:00:00
1093,2023-09-20 04:05:00+00:00,line_1,,2023-09-20,04:05:00
1094,2023-09-20 04:10:00+00:00,line_1,,2023-09-20,04:10:00
1095,2023-09-20 04:15:00+00:00,line_1,,2023-09-20,04:15:00
1096,2023-09-20 04:20:00+00:00,line_1,,2023-09-20,04:20:00
1097,2023-09-20 04:25:00+00:00,line_1,,2023-09-20,04:25:00
1098,2023-09-20 04:30:00+00:00,line_1,,2023-09-20,04:30:00
1099,2023-09-20 04:35:00+00:00,line_1,,2023-09-20,04:35:00
1100,2023-09-20 04:40:00+00:00,line_1,,2023-09-20,04:40:00
1101,2023-09-20 04:45:00+00:00,line_1,,2023-09-20,04:45:00
1102,2023-09-20 04:50:00+00:00,line_1,,2023-09-20,04:50:00
1103,2023-09-20 04:55:00+00:00,line_1,,2023-09-20,04:55:00
1104,2023-09-20 05:00:00+00:00,line_1,,2023-09-20,05:00:00
1105,2023-09-20 05:05:00+00:00,line_1,,2023-09-20,05:05:00
1106,2023-09-20 05:10:00+00:00,line_1,,2023-09-20,05:10:00
1107,2023-09-20 05:15:00+00:00,line_1,,2023-09-20,05:15:00
1108,2023-09-20 05:20:00+00:00,line_1,,2023-09-20,05:20:00
1109,2023-09-20 05:25:00+00:00,line_1,,2023-09-20,05:25:00
1110,2023-09-20 05:30:00+00:00,line_1,,2023-09-20,05:30:00
1111,2023-09-20 05:35:00+00:00,line_1,,2023-09-20,05:35:00
1112,2023-09-20 05:40:00+00:00,line_1,,2023-09-20,05:40:00
1113,2023-09-20 05:45:00+00:00,line_1,,2023-09-20,05:45:00
1114,2023-09-20 05:50:00+00:00,line_1,,2023-09-20,05:50:00
1115,2023-09-20 05:55:00+00:00,line_1,,2023-09-20,05:55:00
1116,2023-09-20 06:00:00+00:00,line_1,,2023-09-20,06:00:00
1117,2023-09-20 06:05:00+00:00,line_1,,2023-09-20,06:05:00
1118,2023-09-20 06:10:00+00:00,line_1,,2023-09-20,06:10:00
1119,2023-09-20 06:15:00+00:00,line_1,,2023-09-20,06:15:00
1120,2023-09-20 06:20:00+00:00,line_1,,2023-09-20,06:20:00
1121,2023-09-20 06:25:00+00:00,line_1,,2023-09-20,06:25:00
1122,2023-09-20 06:30:00+00:00,line_1,,2023-09-20,06:30:00
1123,2023-09-20 06:35:00+00:00,line_1,,2023-09-20,06:35:00
1124,2023-09-20 06:40:00+00:00,line_1,,2023-09-20,06:40:00
1125,2023-09-20 06:45:00+00:00,line_1,,2023-09-20,06:45:00
1126,2023-09-20 06:50:00+00:00,line_1,,2023-09-20,06:50:00
1127,2023-09-20 06:55:00+00:00,line_1,,2023-09-20,06:55:00
1128,2023-09-20 07:00:00+00:00,line_1,,2023-09-20,07:00:00
1129,2023-09-20 07:05:00+00:00,line_1,,2023-09-20,07:05:00
1130,2023-09-20 07:10:00+00:00,line_1,,2023-09-20,07:10:00
1131,2023-09-20 07:15:00+00:00,line_1,,2023-09-20,07:15:00
1132,2023-09-20 07:20:00+00:00,line_1,,2023-09-20,07:20:00
1133,2023-09-20 07:25:00+00:00,line_1,,2023-09-20,07:25:00
1134,2023-09-20 07:30:00+00:00,line_1,,2023-09-20,07:30:00
1135,2023-09-20 07:35:00+00:00,line_1,,2023-09-20,07:35:00
1136,2023-09-20 07:40:00+00:00,line_1,,2023-09-20,07:40:00
1137,2023-09-20 07:45:00+00:00,line_1,,2023-09-20,07:45:00
1138,2023-09-20 07:50:00+00:00,line_1,,2023-09-20,07:50:00
1139,2023-09-20 07:55:00+00:00,line_1,,2023-09-20,07:55:00
1140,2023-09-20 08:00:00+00:00,line_1,,2023-09-20,08:00:00
1141,2023-09-20 08:05:00+00:00,line_1,,2023-09-20,08:05:00
1142,2023-09-20 08:10:00+00:00,line_1,,2023-09-20,08:10:00
1143,2023-09-20 08:15:00+00:00,line_1,,2023-09-20,08:15:00
1144,2023-09-20 08:20:00+00:00,line_1,,2023-09-20,08:20:00
1145,2023-09-20 08:25:00+00:00,line_1,,2023-09-20,08:25:00
1146,2023-09-20 08:30:00+00:00,line_1,,2023-09-20,08:30:00
1147,2023-09-20 08:35:00+00:00,line_1,,2023-09-20,08:35:00
1148,2023-09-20 08:40:00+00:00,line_1,,2023-09-20,08:40:00
1149,2023-09-20 08:45:00+00:00,line_1,,2023-09-20,08:45:00
1150,2023-09-20 08:50:00+00:00,line_1,,2023-09-20,08:50:00
1151,2023-09-20 08:55:00+00:00,line_1,,2023-09-20,08:55:00
1152,2023-09-20 08:59:00.039099+00:00,line_1,,2023-09-20,08:59:00.039099
